"Company","Store Phone","Address","Province/State/Country,City","Zip Code","Store Hours","WebSite","Image",,,,,,,,,
3 Monkeys,514 284 1333,1455 Peel St. | Suite 207,Quebec,Montreal (peel),H3A 3K1,Mon – Wed: 10am – 6pm Thur – Fri: 10am – 9pm Saturday: 10am – 6pm Sunday: 12pm – 5pm,http://threemonkeys.ca,http://threemonkeys.ca/wp-content/uploads/2011/04/T-Tag-3-248x191.jpg,,,,,,,,,
4 word  ,780-513-4386,10001-100 Ave Unit 101,Alberta,Grand Prairie,T8V-0V2,M-W 10-6, T-F 10-8, Sat 10-6, Sun12-4,,,,,,,,,,,
Adrift,1 416-515-0550,116 Spadina Ave,Ontario,Toronto, M5V 2K6,,adriftonline.com,http://lh5.googleusercontent.com/public/QoWR0NnYa0oWQsY9GUoKYhvickjJnuetIUqXIkEGoJfABuCbIAmgh3nL0TnIKnBRQfoMbyvMue8GCsEA9-UgjhGb_sBB3xhfML77W8oeCOksLB96N-MfoVl_,,,,,,,,,
Ahmee,646 964 4342,524 Hudson Street,New York ,New York,10014,,http://www.ahmee-nyc.com/home,http://www.ahmee-nyc.com/FILE/731.jpg,,,,,,,,,
Air Studio ,201.239.1511,55 1st Street,New Jersy,Hoboken,7030,Monday By Appointment Tuesday-Friday 12 to 8pm Saturday 12 to 6pm Sunday 12 to 6pm,http://www.airstudiosboutique.com,http://t0.gstatic.com/images?q=tbn:ANd9GcTzTkfu3I3qTXUm8Z8GGJKJjhRxWPM-e3M2FiNql3DIBqfoAJzr,,,,,,,,,
AJ'S Fashions ,780-827-2266,1316 Shoppers Park Mall,Alberta,Grand Cache,T0E 0Y0,,,,,,,,,,,,
Altitude Sports Plein Air,(514) 847-1515,4140 St-Denis,Quebec,Montreal,H2W 2M5,Sun 12–5pm Mon-Wed 10am–6pm Thu-Fri 10am–9pm Sat 10am–5pm,www.altitude-sports.com/,http://lh3.googleusercontent.com/public/GDPkuvJaLIA2Dg1GEspS4PGc8e7eIiX_NYqfgvDtv-ViUYkAwbPwz1xCMMI1KQMW1kqSSGBxPUZSsTHOvJu7btLlXOqeHOE8mN13q-2p6A,,,,,,,,,
Altitude Sports Plein Air,(819) 425-5111,2555* de l’Aulnaie Street (off Highway 117) Suite 203,Quebec,Tremblant,J8E 0E5,Mon-Wed 10am-5pm Thur-Fri 10-9  Sat-Sun 10-6,www.altitude-sports.com/,http://www.google.com/url?source=imglanding&ct=img&q=http://www.altitude-sports.com/static/images/www/pages/Image/Mont-Tremblant_Store/Altitude-sports.com_Mont-Tremblant_2.jpg&sa=X&ei=pOjXTuGJHaP40gG9n6HqDQ&ved=0CAwQ8wc&usg=AFQjCNGUI3QI8Hr1IhiDIiakwWksPd3RuA,,,,,,,,,
Ame Ame Raingear and Candy,646-867-2342,318 E. 9th St.,New York,New York,10003,,www.amerain.com,http://www.hitherandthither.net/wp-content/uploads/2012/01/wpid1846-1.jpg,,,,,,,,,
American Eagle (77 Kids) ,877-824-3567,150 Thorn Hill Drive,Pensilvania,Warrendale,15086,N/A,http://www.ae.com,,,,,,,,,,
Aminah et les Amis e,212-227-0117,Two World Financial Center,New York,New York,10280,Monday - Friday 10:00am - 7:00pm,http://www.aminahetlesamis.com,http://aminahetlesamis.com/cart/images/header.png,,,,,,,,,
Amis Pour La Vie ,819-752-7093,197 RUE NORTE-DAME EST,Quebec,Victoriaville,G6P 4A2,Lundi au mercredi : 9 h 30 à 17 h 30 Jeudi et vendredi : 9 h 30 à 21 h Samedi : 9 h 30 à  17 h,www.amispourlavie.ca,http://www.amispourlavie.ca/medias/communs/boutique.jpg,,,,,,,,,
Anik,(212) 249-2417,1122 Madison Ave,NY,NY,10028,N/A,http://www.anikny.com/,http://c0056906.cdn2.cloudfiles.rackspacecloud.com/101961.jpg,,,,,,,,,
Ann Mashburn,608-332-9965,1198 Howell Mill Rd.,Georgia,Atlanta,30318,Monday-Saturday 10:00 a.m. — 6:00 p.m And By appointment,http://www.annmashburn.com,http://blog.mrandmrssmith.com/wp-content/uploads/2011/07/annmashburn20100815_0027.jpg,,,,,,,,,
Anthony's Fashion For Men,306-665-0181,600-234 1st. Ave S,Saskatchewan,Saskatoon,S7K 1K3,Sunday - Closed, Mon-Wed, Fri-Sat 10am-5:30pm, Thurs 10am - 9pm
,anthonysfashionformen@shaw.ca,http://media.weblocal.ca/r/650x500/photos/Dox-tb7zb_x--/anthonys-fashion-for-men-saskatoon-sk.jpg,,,,,,,,,
Antonio Moreau,1-888-774-4828,1390 Boul Casavant Est,Quebec,St-Hyacinthe,J2S 0G2,,http://www.antoniomoreau.com,http://www.google.com/url?source=imglanding&ct=img&q=http://antoniomoreau.com/ul_media//fckuploads/image/LOGO%203D%20SUR%20FONT%20BLANC.jpg&sa=X&ei=puzXTunUGoivgwe_vISKDw&ved=0CAsQ8wc&usg=AFQjCNFQ5IVEzOPudJnWQ4T03c0H-pOVvQ,,,,,,,,,
Antonio Moreau,450-774-3621,3200 boul. Laframboise,Quebec,St-Hyacinthe,J2S 4Z5,,http://www.antoniomoreau.com,http://www.google.com/url?source=imglanding&ct=img&q=http://antoniomoreau.com/ul_media//fckuploads/image/LOGO%203D%20SUR%20FONT%20BLANC.jpg&sa=X&ei=puzXTunUGoivgwe_vISKDw&ved=0CAsQ8wc&usg=AFQjCNFQ5IVEzOPudJnWQ4T03c0H-pOVvQ,,,,,,,,,
Antonio Moreau,450-746-0832,450 Poliquin,Quebec,Sorel,J3P 7R5,,http://www.antoniomoreau.com,http://www.google.com/url?source=imglanding&ct=img&q=http://antoniomoreau.com/ul_media//fckuploads/image/LOGO%203D%20SUR%20FONT%20BLANC.jpg&sa=X&ei=puzXTunUGoivgwe_vISKDw&ved=0CAsQ8wc&usg=AFQjCNFQ5IVEzOPudJnWQ4T03c0H-pOVvQ,,,,,,,,,
Antonio Moreau,450-253-4828,3200 boul. Laframboise,Quebec,St-Hyacinthe,J2S 4Z5,N/A,http://www.antoniomoreau.com,http://www.google.com/url?source=imglanding&ct=img&q=http://antoniomoreau.com/ul_media//fckuploads/image/LOGO%203D%20SUR%20FONT%20BLANC.jpg&sa=X&ei=puzXTunUGoivgwe_vISKDw&ved=0CAsQ8wc&usg=AFQjCNFQ5IVEzOPudJnWQ4T03c0H-pOVvQ,,,,,,,,,
Antonio Moreau,819-479-7388 ,965 boul St-Joseph,Quebec,Drummondville,J2C 2C4,,http://www.antoniomoreau.com,http://www.google.com/url?source=imglanding&ct=img&q=http://antoniomoreau.com/ul_media//fckuploads/image/LOGO%203D%20SUR%20FONT%20BLANC.jpg&sa=X&ei=puzXTunUGoivgwe_vISKDw&ved=0CAsQ8wc&usg=AFQjCNFQ5IVEzOPudJnWQ4T03c0H-pOVvQ,,,,,,,,,
Ark Clothing,604-872-1114 ,2549 Main Street,BC,Vancouver,V5T 3E5,Mon-Thurs: 11AM-7PM; Fri-Sat: 11AM-8PM; Sun: 12PM-7PM ,http://arkclothing.net/,http://www.bcliving.ca/sites/default/files/imagecache/node_image_full/files/articles/GVO-MainSt-ArkClothing-1.jpg,,,,,,,,,
Aritizia,604-251-3132,3711 142nd Ave. East,Washington,Sumner,98390,Regular Hours,http://aritzia.com,,,,,,,,,,
Aritizia,403.252.3555,6455 MacLeod Trail South,Alberta,Calgary,T2H 0K4,Mon-Sat 9:30 AM - 9:00 PM Sunday: 11:00 AM - 6:00 PM,http://aritzia.com,,,,,,,,,,
Aritizia,403.247.8333,3625 Shaganappi Trail NW,Alberta,Calgary,T3A 0E2,Mon-Fri !0-9 Sat 9:30 AM - 8:00 PM Sun 11:00 AM - 6:00 PM,http://aritzia.com,,,,,,,,,,
Aritizia,403.225.1644,100 Anderson Road SE,Alberta,Calgary,T2J 3V1,Mon-Fri !0-9 Sat 9:30 AM - 8:00 PM Sun 11:00 AM - 6:00 PM,http://aritzia.com,,,,,,,,,,
Aritizia,(403) 441-0234,317 7th Avenue South West,Alberta,Calgary,T2P 2Y9,Mon-Wed 9:30-6 Thu-Fri 930-8 Sat 9:30 AM - 6:00 PM Sun 12:00 PM - 5:00 PM,http://aritzia.com,,,,,,,,,,
Aritizia,403.366.3898,#0168 - 6455 Macleod Trail South,Alberta,Calgary,T2H 0K8,Mon-Sat 9:30-9 Sun 11:00 AM - 6:00 PM,http://aritzia.com,,,,,,,,,,
Aritizia,312.867.9230,835 North Michigan Avenue,Illinois,Chicago,60611,Mon-Sat 10-9 Sun 11-6,http://aritzia.com,,,,,,,,,,
Aritizia,847.205.3672,2171 Northbrook Court,Illinois,Chicago,60062,Mon-Sat 10-9 Sun 11-6,http://aritzia.com,,,,,,,,,,
Aritizia,972.202.2457,6121 W Park Blvd.,Texas,Plano,75093,Mon-Sat 10-9 Sun 12-6,http://aritzia.com,,,,,,,,,,
Aritizia,780.483.0078,8882 - 170th Street,Alberta,Edmonton,T5T 4J2,Mon-Sat 10-9 Sun 11-6,http://aritzia.com,,,,,,,,,,
Aritizia,780.438.5855,5015 - 111 Street NW,Alberta,Edmonton,T6H 4M6,Mon-Fri 10-9 Sat 9:30-6 Sun 11:00 AM - 5:00 PM,http://aritzia.com,,,,,,,,,,
Aritizia,780-638-4750,109 Street & Kingsway,Alberta,Edmonton,T5G 3A6,Mon-Fri 10-9 Sat 9:30-6 Sun 12:00 AM - 6:00 PM,http://aritzia.com,,,,,,,,,,
Aritizia,519.434.2555,1680 Richmond St. N.,Ontario,London,N6G 3Y9,Mon-Sat 10-9 Sun 12-5,http://aritzia.com,,,,,,,,,,
Aritizia,212.965.2188,524 Broadway,New York,New York,10012,Mon-Sat 10-9:30 Sun 11-8:30,http://aritzia.com,,,,,,,,,,
Aritizia,613.232.0444,50 Rideau Street,Ontario,Ottawa,K1N 9J7,Mon-Fri 9:30-9 Sat 9:30-6 Sun11-5,http://aritzia.com,,,,,,,,,,
Aritizia,613.726.8257,100 Bayshore Drive,Ontario,Ottawa,K2B 8C1,Mon-Sat 9-9 Sun 10-6,http://aritzia.com,,,,,,,,,,
Aritizia,201.291.3911,One Garden State Plaza,New Jersey,Paramus,7652,Mon-Sat 10-9:30,http://aritzia.com,,,,,,,,,,
Aritizia,503.620.0346,9665 SW Washington Square Road,Oregon,Portland,97223,Mon-Sat 10-9 Sun 10-7,http://aritzia.com,,,,,,,,,,
Aritizia,415.512.7026,865 Market Street,California,San Francisco,94103,Mon-Sat 10-9 Sun 10-7,http://aritzia.com,,,,,,,,,,
Aritizia,408.615.0798,2855 Stevens Creek Blvd,California,Santa Clara,95050,Mon-Fri 10-9:30 Sat 10:00 AM - 9:00 PM Sun 11-7,http://aritzia.com,,,,,,,,,,
Aritizia,425.450.2287,118 Bellevue Square,Washington,Bellevue,98004,Mon-Sat 9:30am-9:30pm Sunday 11-7,http://aritzia.com,,,,,,,,,,
Aritizia,973.376.0998,1200 Morris Turnpike,New Jersey,Short Hills,7078,Mon-Fri 10-9 Sat 10-7 Sun 11-6,http://aritzia.com,,,,,,,,,,
Aritizia,416.695.8493,25 The West Mall,Ontario,Toronto,M9C 1B8,Mon-Fri 10-9 Sat 9:30 AM - 6:00 PM Sun 11:00 AM - 6:00 PM,http://aritzia.com,,,,,,,,,,
Aritizia,416.785.9758,3401 Dufferin Street,Ontario,Toronto,M6A 2T9,Mon-Fri 10-9 Sat 9:30-9 Sun 11:00 AM - 7:00 PM,http://aritzia.com,,,,,,,,,,
Aritizia,416.977.9919,280 Queen Street West,Ontario,Toronto,M5V 2A1,Mon-Fri 11-8 Sat 10-7 Sun 12-7,http://aritzia.com,,,,,,,,,,
Aritizia,905.949.0600,100 City Centre Drive,Ontario,Mississauga,L5B 2C9,Mon-Fri 10-9 Sat 9:30-6 Sun 11-6,http://aritzia.com,,,,,,,,,,
Aritizia,416.204.1318,220 Yonge Street,Ontario,Toronto,M5B 2H1,Mon-Fri 10-9 Sat 9:30-7 Sun11-6,http://aritzia.com,,,,,,,,,,
Aritizia,416.934.0935,50 Bloor Street West,Ontario,Toronto,M4W 3L8,Mon-Fri 10-9 Sat 10-7 Sun 12-6,http://aritzia.com,,,,,,,,,,
Aritizia,905.669.8049,1 Bass Pro Mills Drive,Ontario,Vaughn,L4K 5W4,Mon-Sat 10-9 Sun 11-7,http://aritzia.com,,,,,,,,,,
Aritizia,416.494.3720,1800 Sheppard Ave East,Ontario,Toronto,M2J 5A7,Mon-Fri 10-9 Sat 9:30-8 Sun 11-6,http://aritzia.com,,,,,,,,,,
Aritizia,519.894.4440,2960 Kingsway Drive,Ontario,Kitchener,N2C 1X1,Mon-Fri 9:30-9 Sat 9:30-6 Sun 12-5,http://aritzia.com,,,,,,,,,,
Aritizia,905.771.7181,1 Promenade Circle,Ontario,Thornhill,L4J 4P8,Mon-Fri 10-9 Sat 9:30-6 Sun 11-6,http://aritzia.com,,,,,,,,,,
Aritizia,416.597.9227,220 Yonge Street,Ontario,Toronto,M5B 2H1,Mon-Fri 10-9 Sat 9:30 AM - 7:00 PM Sun 11:00 AM - 6:00 PM,http://aritzia.com,,,,,,,,,,
Aritizia,416-384-0839,1090 Don Mills Road,Ontario,Toronto,M3C 3R6,Mon-Fri 10-9 Sat 9:30 AM - 6:00 PM Sun 11:00 AM - 6:00 PM,http://aritzia.com,,,,,,,,,,
Aritizia,905.681.1777,900 Maple Avenue,Ontario,Burlington,L7S 2J8,Mon-Fri 10-9 Sat 9:30 AM - 6:00 PM Sun 11:00 AM - 5:00 PM,http://aritzia.com,,,,,,,,,,
Aritizia,905-895-8777,17600 Yonge Street,Ontario,Newmarket,L3T 4Z1,Mon-Fri 9:30-9 Sat 9-6 Sun 11-5,http://aritzia.com,,,,,,,,,,
Aritizia,416.597.3878,220 Yonge Street,Ontario,Toronto,M5B 2H1,Mon-Fri 10-9 Sat 9:30 AM - 7:00 PM Sun 11:00 AM - 6:00 PM,http://aritzia.com,,,,,,,,,,
Aritizia,416.290.5620,300 Borough Drive,Ontario,Scarborough,M1P 4P5,Mon-Fri 10-9 Sat 9:30 AM - 7:00 PM Sun 11:00 AM - 6:00 PM,http://aritzia.com,,,,,,,,,,
Aritizia,604.269.0892,650 West 41st Avenue,BC,Vancouver,V5Z 2M9,Mon-Fri 9:30-9 Sat 9:30-6 Sun 11-6,http://aritzia.com,,,,,,,,,,
Aritizia,604.430.4630,4700 Kingsway Street,BC,Burnaby,V5H 4M1,Mon-Sat 10-9 Sun 11-7,http://aritzia.com,,,,,,,,,,
Aritizia,604.684.3251,1110 Robson Street,BC,Vancouver,V6E 1B2,Mon-Sat 10-9 Sun 11-8,http://aritzia.com,,,,,,,,,,
Aritizia,604.926.7666,644 Park Royal North,BC,West Vancouver,V7T 1H9,Mon-Fri 10-9 Sat 9:30-6 Sun 11-6,http://aritzia.com,,,,,,,,,,
Aritizia,604.244.1614,6551 No. 3 Road,BC,Richmond,V6Y 2B6,Mon-Tues 9:30-7 Wed-Fri 9:30-9 Sat 9:30 AM - 7:00 PM Sun 11:00 AM - 6:00 PM,http://aritzia.com,,,,,,,,,,
Aritizia,604.681.9301,701 West Georgia Street,BC,Vancouver,V7Y 1A1,Mon-Tues 10-7 Wed-Fri 10-9 Sat 10:00 AM - 7:00 PM Sun 11:00 AM - 6:00 PM,http://aritzia.com,,,,,,,,,,
Aritizia,604.464.8100,2929 Barnet Highway,BC,Coquitlam,V3B 5R5,Mon-Tues 10-6 Wed-Fri 10-9 Sat 9:30 AM - 6:00 PM Sun 11:00 AM - 6:00 PM,http://aritzia.com,,,,,,,,,,
Aritizia,604.688.2137,1067 Robson Street,BC,Vancouver,V6E 1B2,Mon-Wed 11-8 Thur-Sat 11-9 Sun 11-8,http://aritzia.com,,,,,,,,,,
Aritizia,604.714.5927,2899 Granville Street,BC,Vancouver,V6H 3J4,Mon-Wed 10-6 Thur-Sat 10-7 Sun 11-6,http://aritzia.com,,,,,,,,,,
Aritizia,604.435.7975,4700 Kingsway,BC,Burnaby,V5H 4M1,Mon-Sat 10-9 Sun 11-7,http://aritzia.com,,,,,,,,,,
Aritizia,250.220.6963,3147 Douglas Street,BC,Victoria,V8Z 6E3,Mon-Tues 10-6 Wed-Fri 10-9 Sat 10-6 Sun 11-6,http://aritzia.com,,,,,,,,,,
Aritizia,604.905.5442,8-4222 Village Square,BC,Whistler,V0N 1B4,Mon-Thur 11-7 Fri-Sat 10-8 Sun 10-6,http://aritzia.com,,,,,,,,,,
Aritizia,604.905.4691,4154 Village Green,BC,Whistler,V0N 1B4,Mon-Thur 11-7 Fri-Sat 10-8 Sun 10-6,http://aritzia.com,,,,,,,,,,
Aritizia,204.772.0403,1485 Portage Avenue,Manitoba,Winnipeg,R3G 0W4,Mon-Fri 10-9 Sat 9:30-6 Sun 12:00 AM - 6:00 PM,http://aritzia.com,,,,,,,,,,
Arlie's Sport Shop Downtown LTD.,905-684-4142,17 Keefer Road,Ontario,St. Catharines,L2M 6K4,,,http://www.seawaymall.com/images/units/g7-8.jpg,,,,,,,,,
Ataraksi,,,France,Paris,morgan@ataraksi.com,,,,,,,,,,,,
Atlantis Program Inc.,(604) 874-6464,3737 Oak St Unit 101,BC,Vancouver,V6H 2M4,,,,,,,,,,,,
Atmosphere 588 ,418-780-8035,2452 Boul. Wilfrid Laurier,Quebec,Saint- Foy,G1V 2L1,?,http://www.atmosphere.ca,http://fiveten.com/images/stories/jreviews/tn/tn_5205_atmosphere_1264030122.jpg,,,,,,,,,
Atmosphere 786 ,514-844-2228,1610 St-Denis Street,Quebec,Montreal (st denis),H2X 3K2,M-W 10-19 Hours Thur-Fri 10-21 Hours Sat-Sun 10-17,http://www.atmosphere.ca,,,,,,,,,,
Atmosphere 834 ,450-227-2155,190 Lac Millette Road,Quebec,St-Sauveur,J0R 1R6,m-w 10-18 Thu-Fri 10-18 Sat-Sun 10-17,http://www.atmosphere.ca,,,,,,,,,,
Atmosphere 860 ,418-723-6543,419 Jessop Blvd.,Quebec,Rimouski,G5L 7Y5,m-w 930-1730 Thu-Fri 930-2100 Sat 9-1700 Sun 12-17,http://www.atmosphere.ca,,,,,,,,,,
Au Grand Bazar,450) 378-2022,1141B rue Principale,Quebec,Granby,J2J 0M3,Sun 11am–5pm Mon-Wed 9am–5:30pm Thu-Fri 9am–9pm Sat 9am–5pm,www.grandbazar.ca/,http://www.stevens-sportswear.on.ca/assets/images/au_grand_bazar_lg.png,,,,,,,,,
Au'boutchou  ,418-862-9843,298 Boul Theriault,Quebec,Riviere-de-loup,G5R 4C2,N/A,,,,,,,,,,,
Banff Ski Lounge,(403) 762 0706,119 Banff Avenue,Alberta,Banff,T1L 1H9,Sun-Sat 3-9pm,www.banffskilounge.com,https://lh6.googleusercontent.com/-aLsrVShh31s/Tf44nAZziOI/AAAAAAAAAAM/wnRO3t-Ylrw/s250-c-k/Lounge.jpg,,,,,,,,,
Bareheart Boutique ,807-467-2772,103 Main St.,Ontario,Kenora,P9N 1T1,,http://bareheart.ca/store/about-us,http://assets.ourbis.ca/images/website_snapshots/12/84/61850_thumb1.jpg?1312310926,,,,,,,,,
Betsy Fisher,(202) 785-1975,1224 Connecticut Avenue Northwest,Washington,Dc,20036,m-w 10am-7pm t-f 10am-8pm Sat 10-6 Sun 12-4,http://betsyfisher.com,http://betsyfisher.com/images/betsyfisher-image.jpg,,,,,,,,,
Bisket,902-425-5436,1661 Argyle Street,Nova Scotia,Halifax,B3J 2B5,Regular store hours,N/A,N/A,,,,,,,,,
Blank Sports inc (Blank Skateboards),780-467-9426,147 Seneca Rd,Alberta,Sherwood Park,T8A 4G6 ,Tuesday to Sunday 11am-7pm,N/A,N/A,,,,,,,,,
Bliss Boutique ,(705) 645-2292,63 Manitoba St,Ontario,Bracebridge,P1L 2B2,Mon-Wed 10am-6pm, Thurs and Fri 10am-9pm, Sat 10am-6pm, Sun 11am-4pm,http://www.blissboutiqueofmuskoka.com/,http://www.shopbracebridge.com/microsite/photos/1066035-01.jpg,,,,,,,,,
Blithe and Vine ,601.427. 3322,2906 N. State Street,Mississippi,Jackson,39216,N/A,http://www.blitheandvine.com,http://www.blitheandvine.com/images/gallery/large/3.jpg,,,,,,,,,
Blue Print ,(613) 544-5050,246 Princess St,Ontario,Kingston, K7L 1B2,Mon-Wed: 10am-6:30pm, Thurs, Fri: 10am-8pm, Sat: 10am-6pm, Sun: 11:30am-5:30pm,http://agent99kingston.com/blueprint/,N/A,,,,,,,,,
Boarders Anonymous,(204) 254-4343,844 St. Mary Road,Manitoba,Winnipeg,R2M 3P4,M-F 12-8, Sat 12-5, Sun 12-5,www.boardersanonymous.ca,https://cbks3.google.com/cbk?output=thumbnail&cb_client=maps_sv&thumb=2&thumbfov=60&ll=49.848427,-97.112894&panoid=eMIxbORTrcuGDgYviC07Fg&yaw=263.7&pitch=-0.8&thumbpegman=1&w=300&h=118,,,,,,,,,
Boarding House,(403) 529.5420,#2-2010 Strachan Rd,Alberta,Medicine Hat,T1B 0M9,Regular store hours,www.boardinghouse.ca,N/A,,,,,,,,,
Boardom,(780) 872-5288,17-5405 44 St,Alberta,Lloydminster,T9V 0A9,Regular store hours,N/A,N/A,,,,,,,,,
Boardroom ,(604) 985-9669,2057 Lonsdale Avenue,BC,North Vancouver,V7M 2K4,M-W 10-6, T-F 10-8, Sat 10-6, Sun 11-5,www.boardroomshop.com,,,,,,,,,,
Boardroom ,1-800-316-7669,1745 West 4th Avenue,BC,Vancounver,V6J 1M2,M-W 10-6, T-F 10-8, Sat 10-6, Sun 11-5,www.boardroomshop.com,,,,,,,,,,
Boutique a suivre,514) 525-0537,1227 Avenue du Mont-Royal Est,Quebec,Montreal mount royal,H2J 1Y2,N/A,N/A,,,,,,,,,,
Boutique Finn,450) 939-0620,401 Boul. Labelle,Quebec ,Montreal,J7A 3T2,Sun 10am–5pm Mon-Fri 10am–9pm Sat 9am–5pm,www.boutiquefinn.ca/,http://www.google.com/url?source=imglanding&ct=img&q=http://www.miradamedia.com/img/finn_storefront_wide.jpg&sa=X&ei=sO_XTqf0MIrvggf8pfGPDw&ved=0CAwQ8wc&usg=AFQjCNGC_fWkx5O9Dg79R-6zLaBLDIqHKg,,,,,,,,,
Boutique Point Golf,418 842.8443,12990, Mgr Cooke,Quebec,Loretteville,G2A 3B6,N/A,http://www.pointgolf.ca/,,,,,,,,,,
Brand New In The Box,+1 323.352.8671,2684 Lacy St.,California,Los Angeles,90031,Tues-Sat 12-8pm Sun 12-6pm,http://www.WeareBNIB.com,-,,,,,,,,,
Bridge Yachts,519-583-3199, 49 Harbour St,Ontario,Port Dover,N0A 1N0,,www.bridgeyachts.com,http://www.google.com/url?source=imglanding&ct=img&q=http://www.inportdover.com/mini/userdata/91/bridge%20yachts.jpg&sa=X&ei=FGLqTue2DenV0QGK_qWqCQ&ved=0CAsQ8wc&usg=AFQjCNFmq6oRzgTQ_QYgpYIEov2eixoE2A,,,,,,,,,
Broli La Source du Sport,(450) 774-1104,3360 Boulevard Laframboise,Quebec,St Hyacinthe,J2S 42S,Mon-Wed: 9:30am - 6pm, Thurs and Fri 9:30am - 9pm, Sat: 9am - 5pm, Sun: 10am - 5pm,Broli@LaSourceDuSport.ca,http://broli.sourceforsports.com/sites/default/files/imagecache/sfs_stores_visual/sfs_store_images/facade_broli.jpg,,,,,,,,,
Buckt's Sport Shop,(250)746-4923 ,171 Craig St. Duncan,BC,Duncan,V9L 1V8 ,M-T 9-5:30, F 9-8,,,,,,,,,,,
Burston Marketing INC.,800.653.1375 ,52950 Frederic Dr.,Indiana,Elkhart,46515,,http://www.burston.com,http://www.burston.com/files/1_BMIbldg1.jpg?1247239554,,,,,,,,,
Cab Clothing,(306) 782-4747,Parkland Mall , 277 Broadway St E Suite 44a
,Saskatchewan,Yorkton,S3N 3G7,,,,,,,,,,,,
Cabana ,214-674-9928,4711 W Lovers Ln,Texas,Dallas,75209,N/A,N/A,http://www.google.com/imgres?q=cabana+boutique+dallas+tx&hl=en&biw=1267&bih=627&gbv=2&tbm=isch&tbnid=jqvLr3Ux29bq4M:&imgrefurl=http://www.dailycandy.com/dallas/article/40702/Cabana-Boutique-Moves&docid=UN3qid3QYw0FiM&imgurl=http://static.dailycandy.com/content/articles/40702/dallasstore.jpg&w=148&h=148&ei=Q-PXTuCLIufW0QGJm6H2DQ&zoom=1,,,,,,,,,
Cesare + Lili,845-876-4009,6384 Mill St.,New York,Rhineback,12572,,http://www.cesareandlili.com/home.htm,http://www.cesareandlili.com/stores.jpg,,,,,,,,,
CG La Ville de Ste-Adele (Pierre),(450) 229-4653,,Quebec,Ste-Adele,,,,,,,,,,,,,
CG L'Epiphanie (Pierre),(450) 588-2234,,Quebec,L'Epiphane,,,,,,,,,,,,,
CG Terrbonne(pierre) ,(450) 477-1817,,Quebec,Terrebonne,,,,,,,,,,,,,
CH Marketing LLC,212-243-9343 Ext. 212,104 West 14th St. Suite 501,New York,New York,10011,,http://www.chmarketingllc.com,,,,,,,,,,
Charlotte West ,(732) 223-9400,100 Main Street,New Jersy,Manasquan,8736,Monday - Saturday 10am to 6pm Sunday 11am to 5pm,http://www.charlottewestbaby.com,http://t3.gstatic.com/images?q=tbn:ANd9GcRCpMoa2Nb302OrM__9zsM6etfkiCn7Tsofy6rasUm089D1uXU9Lw,,,,,,,,,
Chasing Fireflies,(206) 574-4556,,Washington,Seattle,Rakhi@chasing-fireflies.com,,,,,,,,,,,,
Chicken little ,(866) 549-1221 ,4407 29th Street,BC,Vernon,V1T 5B7,,,,,,,,,,,,
Child At Heart,403-243-3070,822A-49th Ave. SW,Alberta,Calgary,T2S 1G9,Monday to Saturday: 9:30am to 5:30pm Sunday: Closed,http://www.childatheart.ca,http://4.bp.blogspot.com/_wdPWORUkgaY/TJKLiRei6iI/AAAAAAAAADg/tQ6FzfUyK9c/s1600/Child+at+Heart.jpg,,,,,,,,,
Ciara's Casual Chic,905-477-6464,155a Main St.,Ontario,Markham,L3R 2G8,Mon - Wed 11am - 6pm, Thu 11am - 8pm, Fri 11am - 6pm, Sat 11am - 6pm, Sun 11am - 6pm,N/A,N/A,,,,,,,,,
Cleri Sport (ken),(418) 228-1747,12200 1re Avenue,Quebec,Saint-Georges,G5Y 2E1,Regular store hours,N/A,N/A,,,,,,,,,
Clothes Café ,(306) 242-0366  ,642 Broadway Ave.,Saskatchewan,Saskatoon,S7N 1A9,N/A,N/A,http://www.flickr.com/photos/pozland/2885891920/in/photostream/,,,,,,,,,
Clothing Bar,519-322-5111,5b Talbot St W,Ontario,Leamington,N8H 1M3,Regular store hours,N/A,N/A,,,,,,,,,
Club De Golf De Terrebonne,(450) 971-0660,1030 Armand-Bombardier Street,Quebec,Terrebonne,J6Y 1R9,N/A,www.golfterrebonne.ca,http://www.golfterrebonne.ca/images/boutique2.jpg,,,,,,,,,
Club De Golf LaVallee de Ste-Adele,(450) 229 - GOLF,465, rue Vallée du Golf,Quebec,Ste-Adele,J8B1A4 ,?,http://www.golflavallee.com/,http://www.golflavallee.com/index/2.jpg,,,,,,,,,
Club De Golf L'Epiphanie ,1.877.588.5475,200 chemin du Golf,Quebec,L'Epiphane,J5X 2P6,?,golfdelepiphanie.com,,,,,,,,,,
Coastal Riders ,604-888-5380,Suite 102 8860, 201 Street,BC,Langley,V2Y 0C8,Mon, Tues, Wed, Sat: 10am-6pm, Thurs, Fri: 10am-9pm, Sun: 11am-6pm,www.coastalriders.com,,,,,,,,,,
Coastline ,250-382-2123,1417 Broad St,BC,Victoria,V8W 2B2,M-Sat 10-6, Sun 10-5,www.coastlinesurf.com,,,,,,,,,,
Cobblers,780-672-2233,4917 50th St.,Alberta,Camrose,T4V 1P9,N/A,N/A,N/A,,,,,,,,,
Coco Club,514-422-2826,6 South Hampton PKWY,Ontario,Sauble Beach,N0H 2G0,,,http://cdn.ci3.yp.ca/14347706ad_f.jpg,,,,,,,,,
Coco & Charlie (De pfyffer),403-243-7091,822 49 Ave SW (Britannia shopping plaza),Alberta,Calgary,T2S 1G9,Regular store hours,http://www.cocoandcharlie.com/,N/A,,,,,,,,,
Coda Clothing and Shoes ,(306) 522-2632,2326 Albert St,Saskatchewan,Regina,S4P 2V7,M-Sat 10-9, Sun 12-9,www.codaclothing.ca,N/A,,,,,,,,,
Colette ,+33 (0)1 55 35 33 90,213 Rue St. Honoré, 1st arrondissement,France,Paris,75001,Mon-Sat:11am-7pm, Sun: Closed,http://www.colette.fr/,http://www.neosib.com/imagenes_moda/moda070_boutiquecoletteparis_00.jpg,,,,,,,,,
Corbo Studio,416-966-8784,162 Cumberland St, Toronto,Ontario ,Toronto,M5R 3N5,Mon – Wed 10am–6pm, Thurs – Fri 10am–7pm, Sat 10am-6pm, Sun 1pm-5pm,http://www.corbostudio.net/,https://encrypted-tbn3.google.com/images?q=tbn:ANd9GcSB5aKPRNs27CavbL2Y9CzGImZo55JOR6ysXwgLX2ys6gL4yKjY,,,,,,,,,
Cotton n Crayons ,604-535-0466,12871 16 Ave Surrey,BC,White Rock,V4A-1N5,M-Sat 9:30-5:30,www.cottonncrayon.ca,N/A,,,,,,,,,
Cove Apparel,250-949-7553,7053B Market,Bc,Port Hardy,V0N 2P0,Regular Hours,N/A,N/A,,,,,,,,,
Cravings Maternity And Baby,306-477-8200,3-2105 8th St. E,Saskatchewan,Saskatoon,S7H 0T8,Regular Hours,http://www.shopcravings.ca/,http://www.gpcentre.com/wp-content/uploads/wpbdm/1298666501_0.jpg,,,,,,,,,
Cute As A Bug's Ear,780-513-1944,#104-10605 West Side Drive,Alberta,Grand Prairie,T8V 8E6,Regular store hours,https://www.facebook.com/pages/Cute-As-A-Bugs-Ear-Childrens-Clothing-Inc/154770444551995,,,,,,,,,,
De Marchin ,518.828.3918,620 & 609 Warren Street,New York,New York,12534,N/A,www.demarchin.com/,http://www.cheekyliving.com/wp-content/uploads/2009/07/img_0417.jpg,,,,,,,,,
Details ,1 705-647-3888,47 Whitewood Ave W,Ontario,New Liskeard,P0J 1P0,Regular store hours,N/A,N/A,,,,,,,,,
Detox,514-352-1222,7275 Rue Sherbrooke Est,Quebec,Montreal,H1N 1E9,m-f 10-21 sat 9-17 sun 10-17,http://www.d-tox.com,N/A,,,,,,,,,
Devault La Source du Sport,(450) 581-5844,613, Notre-Dame,Quebec,Repentigny,J6A 2V3,Lun-Mer 9h a 18h   jeu et ven 9h a 21 h sam 9h a 17h dim 12h a 17h,http://www.devaultsports.com/,http://www.devaultsports.com/i/magasin_ouv.jpg,,,,,,,,,
Dew ,(647) 436-1232,1553 Bayview Ave,Ontario,Toronto,M4G 3B5,Mon-Wed and Sat 10:00 am – 6:00 pm   Thur-Fri10:00 am – 7:00 pm Sun 12:00–5:00 pm,N/A,http://www.blogto.com/listings/fashion/upload/2009/08/20090817-dew.jpg,,,,,,,,,
DGN Marketing,(905) 670-4070,1633 Meyer Side Drive,Ontario,Mississauga,L5T 1B9,N/A,http://www.dgn-marketing.com,N/A,,,,,,,,,
Di Angela Leather,631-477-1142,104 Main St.,New York,Greenport,11944,Regular store hours,N/A,http://staticart.ybcdn.net/adartwork/ints/000/075/625/83.1.png,,,,,,,,,
Diana Kane ,(718) 638-6520,229b Fifth Avenue,New York,Brooklyn,11215,Monday, Tuesday 12-7, Wednesday thru Friday 12-8 Saturday 11 to 8, Sunday 11 to 7,http://www.dianakane.com,http://www.dianakane.com/images/dk_logo_new.gif,,,,,,,,,
Dick & Jane,403-228-1857,831 17th Ave SW,Alberta,Calgary,T2T 0A1,M-W 11-6, Th-Sat 11-8, Sun 11-6,N/A,http://s3-media4.ak.yelpcdn.com/bphoto/RYlMtH3Mz4wUJsP1pg9yYA/l.jpg,,,,,,,,,
Downeast,407-645-5100,130 Park Ave. N.,Florida,Winter Park,32789,Regular Hours,https://www.facebook.com/shopparkave,http://s3-media1.ak.yelpcdn.com/bphoto/xcf8LCwPBiZGbIH6u3KIMg/l.jpg,,,,,,,,,
Dragonlilies,780-960-3434,#105-183 16A HWY,Alberta,Spruce Grove,T7X 4P9,Mon - Wed: 10:00 pm - 6:00 pm Thu: 10:00 am - 7:00 pm Fri: 10:00 am - 6:00 pm Sat: 10:00 am - 5:00 pm,http://www.dragonlilies.com,http://www.hotfrog.com.au/companies/Dragon-Lily-Online-Store/images/Dragon-Lily-Online-Store_129994_image.jpg,,,,,,,,,
Duggers ,(902) 425-2525,5476 Spring Garden Road,Nova Scotia,Halifax,B3J 1G2 ,Monday, Tuesday, Wednesday 9:30am - 5:30pm Thursday, Friday 9:30am - 9:00pm Saturday 9:30am - 5:30pm,www.duggersfashion.com,http://www.thecoast.ca/imager/go-local-on-spring-garden-road/b/original/1322961/87ea/duggers.jpg,,,,,,,,,
Earnest Sewn,212.242.3414,821 Washington Street,New York,New York,10014,Monday-Saturday 11am–7pm Sunday 12pm–6pm,http://www.earnestsewn.com,http://www.earnestsewn.com/Content/StoreLocations/MeatpackingDistrict.jpg,,,,,,,,,
Earnest Sewn,212.979.5120,90 Orchard Street,New York,New York,10002,Monday-Sunday 12pm–7pm,http://www.earnestsewn.com,http://www.earnestsewn.com/Content/StoreLocations/LowerEastSide.jpg,,,,,,,,,
Earnest Sewn,949.759.1329,1075 Newport Center Drive,California,Newport Beach,92660,Monday-Friday 10am–9pm Saturday 10am–7pm Sunday 11am–6pm,http://www.earnestsewn.com,http://www.earnestsewn.com/Content/StoreLocations/FashionIsland.jpg,,,,,,,,,
Earnest Sewn,310.317.9200,3835 Cross Creek Road,California,Malibu,90265,Sunday-Friday 11am–6pm Saturday 10am–6pm,http://www.earnestsewn.com,http://www.earnestsewn.com/Content/StoreLocations/CountryMart.jpg,,,,,,,,,
Earnest Sewn,415.673.7300,2241 Fillmore Street,California,San Fransisco,90265,Monday-Saturday 11am–7pm Sunday 11am–6pm,http://www.earnestsewn.com,http://www.earnestsewn.com/Content/StoreLocations/ClarySageOrganics.jpg,,,,,,,,,
Echelon,519-645-0741,742 Richmond St,Ontario,London,N6A 3H3,Regular Hours,http://echelondon.com/,N/A,,,,,,,,,
Econo Sports 831,816-346-1286,1495 Rue King Quest,Quebec,Sherbrooke,J1J 2C1,Regular Hours,http://www.econosportsherbrooke.com/,http://t2.gstatic.com/images?q=tbn:ANd9GcQteHEtsSklcTCG5w5v7zCO8EAjIdyCo2kE0GFFOYVySbvtspno,,,,,,,,,
Eio,(604) 873-4543,3404 Cambie St  Vancouver,BC,Vancouver,V5Z 2W8,Regular Hours,http://eiokids.ca/,http://www.canadaplus.ca/vancouver/venues/eio-kids-store-inc/eio-kids-store-inc_vancouver-1.jpg/image_regular,,,,,,,,,
El Kartel,604 683-2171,1007 Granville St,BC,Vancouver,V6Z 1L4,Mon-Fri 10am-9pm, Sat 11am-10pm, Sun 11am-8pm,http://elkartel.com/,http://origamighost.com/wp-content/uploads/2011/09/BLOGPICTURETEMPLATE-720-ELKARTEL2-01.jpg,,,,,,,,,
Enda B,(604) 228-1214,4346 10th Ave,BC,Vancouver,V6R 2H7,Mon-Thurs: 10am-6pm, Fri: 10am-7pm, Sat: 10am-6pm, Sun: 12pm-5pm,http://enda-b.com/,http://www.jakin.ca/images/pix_enda_b.jpg,,,,,,,,,
Escape Clothing Company,780-817-2008,858C Carmichael Lane,Alberta,Hinton,T7V 1Y6,Regular Hours,https://www.facebook.com/pages/Escape-Clothing-Company-Inc/171582874672,,,,,http://cdn.ci1.yp.ca/14245557ac_i.jpg,,,,,
Ferlac (2648),418-679-1834,1039 Carillon,Quebec,St-Felicien,G8K 2A2,N/A,N/A,,,,,,,,,,
Ferlac (2652) ,418-275-2356,255 Boul Marcotte,Quebec,Roberval,G8H 1Z3,N/A,N/A,,,,,,,,,,
Ferlac (5053) ,(418) 276-3918,388, 8e Avenue,Quebec,Dolbeau-Mistassini,G8L 3E5,N/A,N/A,,,,,,,,,,
Fifty Two Teeth Apparel,306-352-3552,1446 Broad St.,Saskatchewan,Regina,S4R 1Y9,Mon - Tue:10:30 am-6:00 pm Wed - Fri: 10:30 am - 9:00 pmSat: 11:00 am - 6:00 pm Sun: 12:00 pm - 6:00 pm,https://www.facebook.com/pages/Fifty-Two-Teeth-Apparel,,,,,,,,,,
Finn & Izzy,(250) 592-8168,2259 Oak Bay Ave  ,BC,Victoria,V8R 1G6,Mon-Sat: 10am-5:30pm, Sun: Closed,www.finnandizzy.com,N/A,,,,,,,,,
Fly boutique,(514) 846-6888,1970 Sainte-Catherine Street Wes,Quebec,Montreal,H3H 1M4,N/A,http://www.boutiquefly.com/,,,,,,,,,,
France-Ameriques,203-318-0352,685 Boston Post Rd.,Conneticut,Madison,06443-3080,N/A,http://www.franceameriques.com/,http://o4.aolcdn.com/dims-shared/dims3/PATCH/resize/600x450/http://hss-prod.hss.aol.com/hss/storage/patch/7a9e3d8347dc21d0db6ef4eecf098d4c,,,,,,,,,
Frantisi usa,(705) 721-7277,175 Rano Street,New York,Buffalo,14207,N/A,N/A,N/A,,,,,,,,,
Fred Segal Trend,310-458- 2300,420 broadway ,California,Santa Monica,90401,Sun: 11-6pm, Mon-Sat: 11-7pm,,,,,,,,,,,
Free People,(610) 896-6781,45 Coulter Avenue,Pensilvania,Philidelphia.,19003,Mon-Sat 10am-8pm Sun 12pm-5pm ,http://www.freepeople.com,N/A,,,,,,,,,
Fresh Goods Sneakers,1 902-423-1938 ,1491 South Park St,Nova Scotia,Halifax,B3J 2L1,Mon - Fri: 10:00 am - 8:00 pm   Sat: 10:00 am - 6:00 pm Sun: 12:00 am - 5:00 pm,freshgoods.ca,http://a5.sphotos.ak.fbcdn.net/hphotos-ak-snc6/167812_133920320002773_123679944360144_200768_4867272_n.jpg,,,,,,,,,
From Kicks To Kids,780-672-5437,6540-48 Ave.,Alberta,Camrose,T4V 3A3,N/A,http://www.kicksforkids.ca/,http://www.milkshaxs.com/pics/logo_kickstokids.gif,,,,,,,,,
Front & Company,604-691-2223,3772 Main St.,BC,Vancouver,V5N 3N7,Mon-Sun: 11am-6:30pm,http://www.frontandcompany.ca/,https://lh4.googleusercontent.com/-q_GQ8gcknZg/T7zogQ2SuDI/AAAAAAA3ImQ/oIybSmR5z_I/s250-c-k/photo.jpg,,,,,,,,,
Garnet Hill,603-823-5917,297 Main Street,New Hampshire,Franconia,o3580,Regular Hours,http://www.garnethill.com/our-retail-store/content,N/A,,,,,,,,,
Genius Jones ,(305) 571-2000,49 Northeast 39th Street,Florida ,Miami,33137,Monday - Saturday 10-6 Sunday 12-6,http://www.geniusjones.com,http://www.geniusjones.com/images/gj_district_interior.jpg,,,,,,,,,
Genius Jones ,305.571.2000,1661 Michigan Avenue,Florida,Miami Beach,33139,Monday - Saturday 11-7 Sunday 12-7,http://www.geniusjones.com,http://www.geniusjones.com/images/gj_sobe_interior.jpg,,,,,,,,,
Gestion Mistral,(418) 522-2533,738 RUE SAINT-JEAN,Quebec,Quebec,G1R 1P9,N/A,N/A,,,,,,,,,,
Gilt.com,(646) 524-9098,,New York,New York,,,http://www.gilt.com,,,,,,,,,,
Girlfriends,516-922-5805,6249 Northern Boulevard,New York ,East Norwich,11732-1617,N/A,N/A,,,,,,,,,,
Glaciers,403-678-4779,#100-737 Main Street,Alberta,Canmore,T1W 2B2,,http://www.glaciersedge.com/products/products.html,,http://www.glaciersedge.com/common/images/store3.jpg,,,,,,,,
Glam Slam Clothiers,(780) 439-7526 ,10420 82 Ave NW,Alberta,Edmonton.,T6E 2A2,Mon-Fri 11am-8pm, Sat, Sun 11am-6pm,http://www.facebook.com/pages/Glam-Slam/128289230514540?viewas=0&sk=app_2373072738,http://a2.sphotos.ak.fbcdn.net/hphotos-ak-prn1/32127_128295990513864_2912730_n.jpg,,,,,,,,,
Gloss ,(519) 746-4958,87 King Street West  ,Ontario,Kitchener,N2G 1A7,Regular store hours,http://www.glossrocks.com/,http://www.shopkitchener.com/microsite/photos/1071198-01.jpg,,,,,,,,,
Granite Club,416-449-8713,2350 Bayview,Ontario,Toronto,M2L 1E4,,https://www.graniteclub.com,http://www.hcareers.ca/public/common/logos/brand/detail/217620E3B1E28C53.gif,,,,,,,,,
Grouse Mountain Resort ,604.984.0661,Grouse Mountain Resorts Ltd, 6400 Nancy Greene Way 
,BC,Vancouver,V7R 4K9,N/A,www.grousemountain.com,N/A,,,,,,,,,
Gum Drop ,(604) 733-1037,2029 West 4th Avenue  ,BC,Vancouver,V6J 1N3,M-F 11-6, Sat 10-6, Sun 12-5,www.gumdropsonline.com,,,,,,,,,,
Guys and Gals,248-851-1260,6353 Orchard Lake Rd. ,Michighan ,W. Bloomfield,48322,,www.facebook.com/people/Guys-N-Gals/1609386917,,,,,,,,,,
Habits,250-505-1120,579 Baker Street,BC,Nelson,V1L 4J1,Mon - Sat:9:30 am-5:30 pm,http://www.habitsclothing.com/,,,,,,,,,,
Head Gear,?,?,Alberta,Edmonton,?,,,,,,,,,,,,
Head Shoulders Knees & Toes,780-455-2727,12418-102 Ave.,Alberta,Edmonton,T5N 0M1,Mon - Fri:10:00 am-5:30 pm Sat: 10:00 am - 5:00 pm,https://www.facebook.com/pages/Head-Shoulders-Knees-and-Toes-Edmonton-AB/167322483282978,,,,,,,http://s3-media1.ak.yelpcdn.com/bphoto/v_pYaPhcHT4UeSDMP7F2Uw/m.jpg,,,
Heidi HO ,416.482.1563,2591 Yonge Street,Ontario,Toronto,M4P 2H9,,,http://www.google.com/url?source=imglanding&ct=img&q=http://2.bp.blogspot.com/_GWkKwtTar0o/S9oL-UAst8I/AAAAAAAACeo/hvZ83dqRt4k/s1600/Picture+10.png&sa=X&ei=lwHZTvXSMKr20gGD7P2GDg&ved=0CAwQ8wc&usg=AFQjCNHXQ0TlkVfpY9XH31L3mBqeV7qDfQ,,,,,,,,,
Higher Ground For Kids, 416-485-9228,2511 Yonge St,Ontario,Toronto,M4P 2H9,Mon-Sat 10am - 6pm     Sun 12pm - 5pm,www.highergroundforkids.com,http://www.highergroundforkids.com/images/images/store_image.jpg,,,,,,,,,
Hockey Experts ,418 834-5397,675 Concorde Street,Quebec,St-Romuald,Levis,G6W 8A7,m-w 930-1730 Thu-Fri 930-2100 Sat 9-17 sun 10-17,http://qc.hockeyexperts.ca,,,,,,,,,,
Holt Renfrew,(514) 842-5111,1300 Sherbrooke Street West,Quebec,Montreal / Quebec city,H3G 1H9,Sun 12–5pmMon-Wed 10am–6pm Thu-Fri 10am–9pm Sat 9:30am–5pm,www.holtrenfrew.com/ - Canada,,,,,,,,,,
Hunt Limited,914-906-3877,C/O WEF 14440 Pierson Rd.,Conneticut,Ridgefield,6877,,huntlimited.com,,,,,,,,,,
Human Empire ,49-40-2262681,,Germany,Hamburg,20357,Mon-Fri: 12pm-7pm, Sat: 12pm-6pm,http://www.humanempire.com/,http://upload.spottedbylocals.com/Hamburg/normal/human-empire-hamburg-(by-human-empire).jpg,,,,,,,,,
In Look,306-773-6667,#419-1 Spring Drive,Saskatchewan,Swift Current,S9H 3X6,Regular Hours,http://www.inlookfashion.com/index.php/in_look_swift_current/,,,http://www.inlookfashion.com/files/72521241804631swift.JPG,,,,,,,
Industry,514 522-3870 ,1024 av. du Mont-Royal Est,Quebec,Montreal,H2J 1X6,N/A,http://www.industrieshop.com,,,,,,,,,,
Industry ,(305) 705-0032,18153 Biscayne Boulevard,Florida,Aventura,33160,N/A,N/A,,,,,,,,,,
Industrial Trade Company LLP,,,Riga, Latvia,Uriekstes,,,,,,,,,,,,,
Intersport 3600,780-830-5578,9811 - 116th Street,Alberta,Grande Prairie,T8W 0C7,Regular store hours,N/A,N/A,,,,,,,,,
Intersport 455 ,(418) 562-1022,595, rue du Phare,Quebec,Matane,G4W 1A9,N/A,www.intersport.ca,,,,,,,,,,
Intersport 501 ,(819) 564-8411,3050 Blvd. Portland,Quebec,Sherbrooke,J1L 1K1,N/A,www.intersport.ca,,,,,,,,,,
Intersport 527,(418) 228-8874,8585 Blvd. Lacroix,Quebec,St-Georges-De-Beauce,G5Y 5L6,N/A,www.intersport.ca,,,,,,,,,,
Intersport 603 ,(418) 275-3744,1221 Blvd. Layer,Quebec,Roberval,G8H 3B8,N/A,www.intersport.ca,,,,,,,,,,
Intersport 628 ,(819) 326-3480,74, rue St-Vincent,Quebec,STE- Agath,J8C 2A6,N/A,www.intersport.ca,,,,,,,,,,
Intersport 630 ,(418) 668-8328,545 Collard Street,Quebec,Alma,G8B 1N1,N/A,www.intersport.ca,,,,,,,,,,
Intersport 652 ,(418) 337-2989,220 Ave. St-Jacques,Quebec,St-Raymond,G3L 3Y9,N/A,www.intersport.ca,,,,,,,,,,
Intersport 668 ,(450) 661-2558,5080 Blvd. Robert-Bourassa,Quebec,Laval,H7E 0A6,N/A,www.intersport.ca,,,,,,,,,,
Intersport 670 ,(819) 539-7416,1, Plaza Mauricie,Quebec,Shawinigan,G9N 7C1,N/A,www.intersport.ca,,,,,,,,,,
Intersport 671 ,(819) 425-3421,348, rue Saint-Jovite,Quebec,Tremblant,J8E 2Z9,N/A,www.intersport.ca,,,,,,,,,,
Intersport 674 ,(418) 534-2345,78, Route 132 East,Quebec,Bonaventure,G0C 1E0,N/A,www.intersport.ca,,,,,,,,,,
Intersport 677 ,(418) 364-7496,20, boul. Perron,Quebec,Carleton-sur-mer,G0C 1J0,N/A,www.intersport.ca,,,,,,,,,,
Intersport 691 ,(450) 969-2000,640, Highway 13 service,Quebec,Laval,H7X 3S9,N/A,www.intersport.ca,,,,,,,,,,
Intersport 694 ,(819) 583-6734,3560, rue Laval,Quebec,Lac Megantic,G6B 2X4,N/A,www.intersport.ca,,,,,,,,,,
Intersport 838 ,(450) 424-1911,3218 Blvd. Station,Quebec,Vaudreuil-Dorion,J7V 8W5,N/A,www.intersport.ca,,,,,,,,,,
Intersport 890,(450) 534-0764,550, Place and Country,Quebec,Bromont,J2L 0A1,N/A,www.intersport.ca,,,,,,,,,,
Intersports 680,(418) 248-1282,101, boul. Taché West,Quebec,Montmagny,G5V 3T8,N/A,www.intersport.ca,,,,,,,,,,
Intersports 683 ,(418) 763-2141,111, boul. Ste-Anne West,Quebec,Ste-Anne-Des-monts,G4V 1R5,N/A,www.intersport.ca,,,,,,,,,,
In-Transit ,(713) 379-5477,11542 Knott Street,California,Garden Grove,92841,Regular store hours,N/A,http://pics3.city-data.com/businesses/p/0/9/1/0/5840910.JPG,,,,,,,,,
J Crew,1-800-562-0258,,New York,New York,,,http://www.jcrew.com,,,,,,,,,,
J&S Kidswear Inc,516-935-1110,343B South Oyster Bay Rd.,New York,Plainview,11803,Regular store hours,N/A,N/A,,,,,,,,,
Jack & Lola,(778) 340-5225,135 West 1 Street  ,BC,North Vancouver,V7M 1B1,M-W 9-6, T-F 9-7, Sat 9-6, Sun 10-6,www.jackandlola.ca,,,,,,,,,,
Jack and Jill ,(514) 488-5841,5330 Chemin Queen Mary,Quebec ,Montreal,H3X 1T7,Mon-Fri 9am-6pm Sat 9-5,http://www.facebook.com/pages/Jack-Jill/187828491827,http://a3.sphotos.ak.fbcdn.net/hphotos-ak-snc3/13832_187831481827_187828491827_3542184_5288438_n.jpg,,,,,,,,,
Jackon Hole Traders,1-800-451-1717,1130 SHWY 89,Wyoming,Jackson,83001,Mon-fri  10am - 5pm  ,http://www.jacksonholetraders.com,http://www.google.com/url?source=imglanding&ct=img&q=http://www.jacksonholetraders.com/content/184543/images/logo.gif&sa=X&ei=X-XXToirLYb30gHe8OHwDQ&ved=0CAwQ8wc&usg=AFQjCNFBWz5Z8CNOwCFkSWUTkDGObYnZAg,,,,,,,,,
Jaisel,780 702-1388,8133 104 Street NW,Alberta,Edmonton,T6E 4E4,,http://www.jaisel.ca,http://oldstrathcona.ca/g2client/img/thumbs/jaisel_ext-jpg-6511420f-350x350.jpg,,,,,,,,,
James Boutique,514-369-0700,4910 Sherbrooke,Quebec,Montreal,H3Z 1H3,Mon-Wed:10:00am–6:00pm  Thurs–Fri:10:00am-7:00pm Sat:10:00am-5:30pm Sun:12:00 pm – 5:30 pm,http://jamesboutique.com/,http://jamesboutique.com/wp-content/uploads/2011/04/james-about.jpg,,,,,,,,,
JCY Cross iron,(403) 275-3886,430- 261055 Crossiron Blvd  ,Alberta,Rockeyview,T0M 0E0,Regular Hours,N/A,N/A,,,,,,,,,
Jean Factory,N/A,569 LYELL AVE,New York,Rochester,14606,N/A,N/A,N/A,,,,,,,,,
Jean machine,Multiple locations/ph #,Multiple locations,Ontario,Oshawa,Toronto,North York,Berrie,,N/A,,,,,,,,,,,
Jelly Fish  ,212.260.4960,244 East 13th Street,New York,New York,N/A,Sunday, Monday, Tuesday, and Wednesday: 12:00pm until 6:00pm Thursday, Friday, and Saturday: 11:00am until 6:00pm,http://www.jellyfishny.com,http://cdn.shopify.com/s/files/1/0070/5052/files/jfish_ext_medium.jpg?405,,,,,,,,,
Jeromes,416-489-2494,2480 Yonge St.,Ontario,Toronto,M4P 2H5,Mon - Wed  9:30am - 6:00pm Thursday  9:30am - 7:00pm Friday  9:30am - 6:00pm Saturday  9:30am - 6:00pm Sunday  12:00pm - 5:00pm,http://www.jeromes.ca,,,,,,,,,,
Jet-Setter,(514) 271-5058,66 Laurier West,Quebec,Montreal,H2T 2N4,Mon-Wed 10a.m. to 6p.m.  Thursday-Friday 10a.m. to 9p.m  Saturday 10a.m to 5p.m.  Sunday 12p.m. to 5p.m,www.jet-setter.ca,http://www.google.com/url?source=imglanding&ct=img&q=http://www.jetsetcitizen.com/wp-content/uploads/2010/07/JetSetterMontreal.jpg&sa=X&ei=EUbYToWUE4La0QHn0pTzDQ&ved=0CAsQ8wc&usg=AFQjCNELE6XE3ka-jb0Yri2MfIe1mMqNTA,,,,,,,,,
Jim's Clothes Closet,250-723-5321,4716 Johnson Rd. ,BC,Port Alberni,V9Y 5M3,Monday - Saturday, 9:00am - 5:30pm Friday, Open Late till 7:00pm Closed Sundays (Except in December) and All Statutory Holidays,http://www.jimsclothescloset.com,http://www.jimsclothescloset.com/sites/default/files/21472comox09A13clothing2x3_5ribbon%20cutting_1.jpg,,,,,,,,,
JJ & Whiskey ,(604) 535-7335,1631 128 St,BC,Surrey,V4A 3V2,M-Sat 10-5:30, Sun 12-5,www.jjwhiskey.com,,,,,,,,,,
J.M Clement Ltee,(418) 626-0603,Multiple locations,Quebec,Quebec,,,,,,,,,,,,,
Joelles ,905-631-7918,457 Brant Street,Ontario,Burlington,L7R 2G3,Mon-Wed: 10am-6pm, Thurs, Fri: 10am-8pm, Sat 10am-5pm, Sun: 1pm-5pm,http://www.joelles.com/wordpress/,,,,,,,,,,
Johnson's,204-642-4010,76 Centre St. P.O. Box 5000,Manitoba,Gimili,R0C 1B0,,N/A,N/A,,,,,,,,,
Junior Rufus,780-674-4868,5825-55th St.,Alberta,Barrhead,T7N 1E2,N/A,N/A,N/A,,,,,,,,,
Kaos Kidstore,604-892-5567,38090 Cleaveland Ave. PO Box 2257,BC,Squamish,V8B 0B5,Mon-Wed: 10am-6pm, Thurs: 10am-9pm, Fri-Sun 10am-6pm,N/A,N/A,,,,,,,,,
Kelp Reef Adventures,250 386 7333,12 Erie St  ,BC,Victoria,V8V 4X5,N/A,www.kelpreef.com,N/A,,,,,,,,,
Key-Lime Athletic Wear,(780) 416-4662,#12- 975 Broadmoor Blvd,Alberta,Sherwood Park,T8A 5W9,M-T 10-6, W-T 10-8, F-Sat 10-6, Sun 12-5,www.keylimecanada.com,http://frugalfridays.edmontonsun.com/images/photos/1402.jpg,,,,,,,,,
Kiddin Around,250-656-1041,A-3 9769 5th St.,BC,Sidney,V8L 2X1,Mon-Sat 9:30-5:00 Sunday & Holidays: Closed,http://kiddinaroundchildrensstore.blogspot.com/,,,,,,,,,,
Kids Quest stores (de Pfyffer) ,(250) 638-2002,Multiple locations,BC,Terrace,V8G 4R9,,N/A,,,,,,,,,,
Kids Castle,403-887-4644,A4-5043 50A St.,Alberta,Sylvan Lake,T4S 1R1,N/A,N/A,N/A,,,,,,,,,
Kisan,(212) 475 2470,125 Greene street,New York,New York,10012,Monday to Saturday - 11 am to 7 pm   Sunday - 12 pm to 6 pm,http://www.kisanstore.com/,http://www.kisanstore.com/images/stories/kisan-1.jpg,,,,,,,,,
Kraze Threads,306-463-2050,311A Main St P.O. Box 2050,Saskatchewan,Kindersley,S0L 1S0,N/A,N/A,N/A,,,,,,,,,
Kule ,(212) 813-9182,29 E 61st st #330,New York,New York,10065,,http://www.kule.com/,,,,,,,,,,
La Cordee Plein Air,(514) 524-1106,2159 Sainte-Catherine Street East ,Quebec,Montreal,H2K 2H9,Regular store hours,www.lacordee.com,,,,,,,,,,
La Cordee Plein Air,(514)-524-1106,2777 Boulevard Saint Martin O,QUEBEC,LAVAL,H7T 2Y7,Regular store hours,www.lacordee.com,,,,,,,,,,
La Cordee Plein Air,(514) 524-1106,1595 boul. des Promenades,QUEBEC,MONTREAL,J3Y 5K2,Regular store hours,www.lacordee.com,,,,,,,,,,
La Vie Sportive ,418-623-8368,600 Rue Bouvier,Quebec,Quebec,G2J 1A7,,www.VIESPORTIVE.com,,,,,,,,,,
Lace it UP ,(250) 723-5223,4920 Cherry Creek Road  ,BC,Port Alberni,V9Y 8E9,N/A,N/A,N/A,,,,,,,,,
Laflamme J E Nouveaute ,418-347-3140,5641 Av Du Pont N,Quebec,Delisle,G0W1L0,N/A,N/A,N/A,,,,,,,,,
Laliberte,418-525-4841,595 RUE ST-JOSEPH EST,Quebec ,Quebec,G1K 3B7,N/A,www.lalibertemode.com,N/A,,,,,,,,,
Landyachtz,778.785.6855 ,1221 Glen Dr,BC,North Vancouver,V6A 3M8,M-Sun 10-6,www.landyachtz.com,,,,,,,,,,
Laurent Bouffard Sports,418-248-1245,114 Boul Tache O,,Quebec,Montmany,G5V 3A5,N/A,N/A,N/A,,,,,,,,,
LCC,514 482 9916,4090 Avenue Royal,Quebec,Montreal,H4A 2M5,,www.lcc.ca,,,,,,,,,,
Le Coureur Des Bois , 1-888-560-9988 ,177, boul. Albiny-Paquette,Quebec,Mount-Laurier,J9L 1J2,,www.coureurdesbois.ca,,,,,,,,,,
Le Bebe Boutique,(780) 465-7150,100 - 8627-91 rue/street,Alberta,Edmonton,T6C 3M1,Mon-Sat: 10am-5pm, Closed on Sundays,http://www.labebeboutique.ca/,,,,,,,,,,
Lee's General Store,604 568-7103,109 East Broadway,BC,Vancouver,V5T 1W1,M-W 11-6, T-F 12-7, Sat 10-6, Sun 12-6,www.mrleesgeneralstore.com,,,,,,,,,,
Les Petits Chaplais ,(212) 625-1023,86 Thompson Street,New York,New York,10012,,www.lespetitschapelaisnyc.com/,http://img.over-blog.com/225x300/3/91/86/59/2011/DSCN2892.jpg,,,,,,,,,
Leslies ,519-679-1030,551 Richmond, Unit 6,Ontario,London,N6A 3E9,Mon-Wed 10am-6pm  Thu-Fri 10am-7pm Sat10:00am - 6:00pm   Sun noon - 5,http://lesliesrichmond.com/,N/A,,,,,,,,,
Levi's ,(541) 242-7000,3125 Chad Drive,Oregon,Eugene,97408,N/A,www.levistrauss.com/,,,,,,,,,,
Lil Rapunzel's,561.659.3131,251 Royal Poinciana Way,Florida,Palm Beach,33480,10am-6pm EST Monday - Saturday,http://www.shoprapunzels.com,http://www.shoprapunzels.com/Images/Royal_Poinciana.jpg,,,,,,,,,
L'Indice,418-624-9330,5401 Boul. Des Galleries #243 Les Galeries De La Capitale,Quebec,Quebec,G2K 1N4,,http://www.galeriesdelacapitale.com/en/,,,,,,,,,,
Little Burgundy,514-747-2536,3665 Poirier,Quebec,Montreal,H4R 3J2,Mon-Wed 9-11 Thu-Fri 9-12 Sat 9-7 Sun 9-5,http://www.littleburgundyshoes.com,http://images.ourfaves.com/104/216_1.jpg,,,,,,,,,
Little Tomo,919-362-4560,225 North Salem Street Suite 100 ,North Carolina,Apex,27502,N/A,N/A,,,,,,,,,,
Little treasure,(604) 677-3792,200-1496 Cartwright St  ,BC,Vancouver,V6H 3Y5,N/A,N/A,N/A,,,,,,,,,
LMNOP,514-486-4572,4919a Sherbrooke Street West,Quebec,Montreal,H3Z 1H2,M-F 10-6, SAT 10-5, SUN 12-5,www.lmnop.ca,,,,,,,,,,
Lola and emily,(514) 288-7598,3475 Boulevard Saint-Laurent ,Quebec,Montreal,H2X 2T6,Mon-Wed: 11am-6pm, Thurs-Fri: 11am-9pm, Sat: 11am-5pm,www.lolaandemily.com,,,,,,,,,,
Lolli,(718) 788-2002,169 7th Avenue,New York,Brooklyn,11215,Sun-Wed 10:30am–6:30pm Thu-Sat 10am–7pm,www.lollishop.net/,http://images3.citysearch.net/assets/imgdb/guide/2011/4/18/0/PHQzfcLm153.jpeg,,,,,,,,,
Lolly's (schindler),(604) 392-9327,45891 Wellington Ave.,Bc,Chilliwack,V2P 2O8,N/A,,,,,,,,,,,
Lucky Wang ,212-3532850,799 Broadway,New York ,New York,10003,Mon thru Sat. 11-7 Sun. 12-6 ,http://luckywang.myshopify.com/,,,,,,,,,,
Lucky Wang ,212-2292900,82 Seventh Ave,New York,New York,10011,Mon thru Sat. 11-7 Sun. 12-6 ,http://luckywang.myshopify.com/,,,,,,,,,,
Lux Clothing,306-763-2248,907 Central Ave.,Saskatchewan,Pointe Albert,S6V 4V2,Mon: 10:00 am - 6:00 pm Tue - Thu: 10:00 am - 9:00 pm Fri - Sat: 10:00 am - 6:00 pm Sun: 12:00 pm - 5:00 pm,https://www.facebook.com/pages/Lux-Clothing/211033202288750?sk=info,,,,http://sphotos.xx.fbcdn.net/hphotos-snc7/423671_293863697346256_126942167371744_749310_1136444184_n.jpg,,,,,,
M Five,780-539-9000,136-11801 100 St.,Alberta,Grand Prairie,T8V 3Y2,N/A,N/A,N/A,,,,,,,,,
Magasin A. Landry,(418) 364-3494,634 Rue Perron,Quebec,Carleton,G0C 1J0,Regular Hours,N/A,N/A,,,,,,,,,
Magasin Le Travailleur Sportif,418-627-3384,5401 boul. des Galeries,Quebec ,Quebec,G2K 1N4,Regular Hours,www.letravailleursportif.ca,http://www.google.com/url?source=imglanding&ct=img&q=http://www.letravailleursportif.ca/media/wysiwyg/Travailleur_Sportif_entreprise.jpg&sa=X&ei=eFnqTuTNM4LX0QHHvIG0CQ&ved=0CAwQ8wc&usg=AFQjCNGP8fVIqePDVW6XZdjtxWbsSINYfQ,,,,,,,,,
Magasin Le Travailleur Sportif,819-562-5089,3050, boul. de Portland,Sherbrooke,Quebec,J1L 1K1,Regular Hours,www.letravailleursportif.ca,http://www.google.com/url?source=imglanding&ct=img&q=http://www.letravailleursportif.ca/media/wysiwyg/Travailleur_Sportif_entreprise.jpg&sa=X&ei=eFnqTuTNM4LX0QHHvIG0CQ&ved=0CAwQ8wc&usg=AFQjCNGP8fVIqePDVW6XZdjtxWbsSINYfQ,,,,,,,,,
Mala Boutique,416-938-8551,114 Castelwood Rd.,Ontario,Toronto,M5N 2L4,Monday - Thursday : 04:00PM - 07:00PM Saturday :  09:30AM - 12:30PM Monday - Sunday :  By appointment only ,,,,,,,,,,,
Mango's Boutique,250-477-7221,634 Johnson,BC,Victoria,V5W 1M6,,http://www.mangosvictoria.com/,http://s3-media3.ak.yelpcdn.com/bphoto/LsQw7rEX55JV5RwOqN_C4A/ms.jpg,,,,,,,,,
Marcia's Attic ,201.894.5702,32 North Dean Street,New Jersy,Englewood,(07631,Mon-Sat. 10am to 6pm, Thur. 10am-7pm,http://www.marciasattic.com,http://marciasattic.com/images/store-EngWomen.jpg,,,,,,,,,
Marcia's Attic ,973.716.0009,8115 Town Center Way ,New Jersy,Livingston,(07039,Mon-Sat. 10am to 6pm, Thur. 10am-7pm,http://www.marciasattic.com,http://marciasattic.com/images/store-living.jpg,,,,,,,,,
Marcia's Attic ,201.444.6333,11 Broad Street,New Jersy,Ridgewood,,(07450,Mon-Sat. 10am to 6pm, Thur. 10am-7pm,http://www.marciasattic.com,http://www.mapquest.com/maps/map.adp?formtype=address&addtohistory=&address=11%20N%20Broad%20St&city=Ridgewood&state=NJ&zipcode=07450-3801&country=US&location=1XTSp3vakAGonwPSD6gA1nW0yXCeNLFqRaWHNvpw9ioQ+ebGtNq7UB4GxtbDr4Cl3tjp6EFq8zt7rAzaLlKfgdmOaSvGKcILd/lOm4,,,,,,,,,
Marcia's Attic Children,201.894.5701,29 North Dean Street,New Jersy,Englewood,(07631,Mon-Sat. 10am to 6pm, Thur. 10am-7pm,http://www.marciasattic.com,http://www.mapquest.com/maps/map.adp?formtype=address&country=US&popflag=0&latitude=&longitude=&name=&phone=&level=&addtohistory=&cat=&address=29+North+Dean+Street&city=Englewood&state=NJ&zipcode=,,,,,,,,,
Martin's Mens and Boys Store,250-746-5231,33 Station St.,BC,Duncan,V9L 1M2,Regular Hours,N/A,N/A,,,,,,,,,
Mc Phaul,(450) 562-2622,?,Quebec,Lachute,?,?,,,,,,,,,,,
Meow,514-843-3055,74 Avenue du Mont-Royal Est,Quebec,Montreal,H2T 1N7,Regular Hours,N/A,http://cbk2.google.com/cbk?output=thumbnail&cb_client=maps_sv&thumb=2&thumbfov=92&ll=45.520857,-73.585592&panoid=2rT4XM6PziGpXKoMZiO13g&yaw=120.5&pitch=6.5&thumbpegman=1&w=300&h=118,,,,,,,,,
Mercedes Reverter,34 93 2095114,Calle Tenor Vi#as, 4,Barcelona,Spain,o8021,N/A,N/A,N/A,,,,,,,,,
Milk shop ,(613) 789-6455,234 Dalhousie,Ontario ,Ottawa,K1N 7E2,Regular Hours,http://www.milkshop.ca/,http://www.google.com/url?source=imglanding&ct=img&q=http://farm5.static.flickr.com/4134/4800177581_4afd7cc4d2.jpg&sa=X&ei=HvvYTsWCHujz0gH-_-WHDg&ved=0CAsQ8wc&usg=AFQjCNHLqzKM49oy6Zb9RMiImCqPLBGcZA,,,,,,,,,
Millenium Shoes,310.590.1244,234 W. Manchester BLVD,California,Inglewood,90301,Mon-Thur 1030am-8pm Fri-Sat 10am-8pm Sun 11am-6pm,http://www.millenniumshoes.com/,http://www.millenniumshoes.com/wp-content/uploads/2010/05/loc1.png,,,,,,,,,
Mini Mioche ,647 348 5883,795 Queen Street West,Ontario,Toronto,M6J 1G1,Regular Hours,www.minimioche.com,http://3.bp.blogspot.com/_bSWy112BAXs/TSN2iBdh08I/AAAAAAAACPE/epMoQJpNak4/s1600/mm+store+front.JPG,,,,,,,,,
Minnow ,973-783-0035,32A Church Street,New Jersy,Montclair,7042,Mon - Thu, 10am - 6pm; Fri, Sat, 10am - 7pm; Sun, 11am - 5pm,www.​minnowkids.​com,http://o2.aolcdn.com/dims-shared/dims3/PATCH/resize/600x450/http://hss-prod.hss.aol.com/hss/storage/patch/6bcf1b73a947f9c8b4a1c45f067f76e6,,,,,,,,,
Modern Kid,604-662-3181,45 Water Street ,BC,Gastown,?,Regular Hours,N/A,http://www.guestlife.com/media/GuestLife/Vancouver/Annual-2009/VC09%20StyleGuide/modernkid.jpg,,,,,,,,,
Monkey Business Kids Boutique ,604-476-9345,11947 224th Street,BC,Maple Ridge,V2X 6B2,M Closed, T-F 10-5:30, Sun 12-5, ,www.mbkidsboutique.com,,,,,,,,,,
Moutain Air,780-852-3760,Box 1569 622 Connaught Dr.,Alberta,Jasper,T0E 1E0,Mon - Sun: 9:00 AM-7:00 PM,,,,,,,,,,,
My Little Sunshine ,(212) 929-0887,177 9th Ave # 2,New York,New York,10011,N/A,http://mylittlesunshinenyc.com/,http://www.google.com/url?source=imglanding&ct=img&q=http://kico_kids.s3.amazonaws.com/content_images/628/photo-5_main.jpg&sa=X&ei=QfTTTsSZE8nd0QHntY0d&ved=0CAwQ8wc&usg=AFQjCNEWBDanWIEHuJN-7wkvU278v3zS7w,,,,,,,,,
Naked Red ,647 347 7333,171 East Liberty Street Unit 143,Ontario,Toronto,M6K 3P6,Tue 11-6 | Wed-Fri 11-7 | Sat 11-6 | Sun 12-5,nakedred.ca,http://www.blogto.com/listings/design/upload/2011/01/20101031-nakedred.jpg,,,,,,,,,
Neiman Marcus all doors.,,,,,,,,,,,,,,,,,
Newport Harbour Yatch Club,949.673.7730,720 WEST BAY AVE,California,Balboa,92661,9am-9pm,http://www.nhyc.org/,N/A,,,,,,,,,
Nine Times ,306.477.4663,1111 Louise Ave,Saskatchewan,Saskatoon,S7H 2P8,Mon, Tues Wed & Fri 10am-6pm, Thurs: 10am-9pm, Sat: 10am-5:30pm, Sun: 12pm-5pm,http://www.ntb.ca/,,,,,,,,,,
Nordstrom,619.295.4441,Fashion Valley 6997 Friars Road,California,San Diego,92108,Mon-Fri 10am-9pm Sat 10am-8pm Sun 11am-7pm,shop.nordstrom.com/,,,,,,,,,,
Nordstrom,650.323.5111,550 Stanford Shopping Center,California,Palo Alto,94304,Mon-Fri 10am-9pm Sat 10am-8pm Sun 11am-7pm,shop.nordstrom.com/,,,,,,,,,,
Nordstrom,925.930.7959,1200 Broadway Plaza,California,Walnut Creek,94596,Mon-Fri 10am-9pm Sat 10am-8pm Sun 11am-7pm,shop.nordstrom.com/,,,,,,,,,,
Nordstrom,480.946.4111,Fashion Square 7055 East Camelback Road,Arizona,Scottsdale,85251,Mon-Sat 10am-9pm Sun 11am-7pm,shop.nordstrom.com/,,,,,,,,,,
Nordstrom,760.740.0170,270 East Via Rancho Parkway,California,Escondido,92025,Mon-Fri 10am-9pm Sat 10am-8pm Sun 11am-7pm,shop.nordstrom.com/,,,,,,,,,,
Nordstrom,619.239.1700,103 Horton Plaza,California,San Diego,92101,Mon-Fri 10am-9pm Sat 10am-8pm Sun 11am-7pm,shop.nordstrom.com/,,,,,,,,,,
Nordstrom,858.457.4575,4321 La Jolla Village Drive,California,San Diego,92122,Mon-Fri 10am-9pm Sat 10am-8pm Sun 11am-7pm,shop.nordstrom.com/,,,,,,,,,,
Nordstrom,310.470.6155,Westside Pavilion 10830 West Pico Boulevard,California,Los Angeles,90064,Mon-Fri 10am-9pm Sat 10am-8pm Sun 11am-7pm,shop.nordstrom.com/,,,,,,,,,,
Nordstrom,949.347.2710,The Shops at Mission Viejo  100 The Shops at Mission Viejo SUITE 100 ,California,Missio Viejo,92691,Mon-Fri 10am-9pm Sat 10am-8pm Sun 11am-7pm,shop.nordstrom.com/,,,,,,,,,,
Nordstrom,951.351.3170,The Galleria at Tyler in Riverside 3601 The Galleria at Tyler,California,Riverside,92503,Mon-Fri 10am-9pm Sat 10am-8pm Sun 11am-7pm,shop.nordstrom.com/,,,,,,,,,,
Nordstrom,714.972.2020,2820 North Main Street,California,Santa Ana,92705,Mon-Fri 10am-9pm Sat 10am-8pm Sun 11am-7pm,shop.nordstrom.com/,,,,,,,,,,
Nordstrom,714.549.8300,3333 Bristol Street,California,Costa Mesa,92626,Mon-Fri 10am-9pm Sat 10am-8pm Sun 11am-7pm,shop.nordstrom.com/,,,,,,,,,,
Nordstrom,909.625.0821,5015 Montclair Plaza Lane,California,Montclair,91763,Mon-Fri 10am-9pm Sat 10am-8pm Sun 11am-7pm,shop.nordstrom.com/,,,,,,,,,,
Nordstrom,248.504.5700,Twelve Oaks Mall 27640 Novi Road,Michighan ,Novi,48377,Mon-Fri 10am-9pm Sat 10am-8pm Sun 11am-7pm,shop.nordstrom.com/,,,,,,,,,,
Nordstrom,248.816.5100,2850 West Big Beaver Road,Michighan ,Troy,48084,Mon-Fri 10am-9pm Sat 10am-8pm Sun 11am-7pm,shop.nordstrom.com/,,,,,,,,,,
Nordstrom,216.378.2121,26200 Cedar Road,Ohio,Beachwood,44122,Mon-Sat 10am-9pm Sun 12pm-6pm,shop.nordstrom.com/,,,,,,,,,,
Nordstrom,,,Indiana,Indianapolois,,,shop.nordstrom.com/,,,,,,,,,,
Nordstrom,847.605.2121,6 Woodfield Shopping Center,Illinois,Schamburg,60173,Mon-Fri 10am-9pm Sat 9:30am-9pm Sun 11am-6pm,shop.nordstrom.com/,,,,,,,,,,
Nordstrom,847.677.2121,4937 Old Orchard Center,Illinois,Skokie,60077,Mon-Fri 10am-9pm Sat 9:30am-9pm Sun 11am-6pm,shop.nordstrom.com/,,,,,,,,,,
Nordstrom,952.883.2121,1000 NW Court,Minnesota,Bloomington,55425,Mon-Sat 10am-9:30pm Sun 11am-7pm,shop.nordstrom.com/,,,,,,,,,,
Nordstrom,720.746.2424,2810 East First Avenue,Colorado,Denver,80206,Mon-Sat 10am-9pm Sun 11am-6pm,shop.nordstrom.com/,,,,,,,,,,
Nordstrom,509.455.6111,828 West Main Avenue,Washington,Spokane,99201,Mon-Sat 10am-9pm Sun 11am-6pm,shop.nordstrom.com/,,,,,,,,,,
Nordstrom,312.464.1515,55 East Grand Avenue,Illinois,Chicago,60611,Mon-Thu 10am-8pm Fri-Sat 10am-9pm Sun 11am-6pm,shop.nordstrom.com/,,,,,,,,,,
Nordstrom,503.620.0555,9700 SW Washington Square Road,Oregon,Tigard,97223,Mon-Fri 10am-9:30pm Sat 10am-9pm Sun 10am-7pm,shop.nordstrom.com/,,,,,,,,,,
Nordstrom,425.771.5755,3200 184th Street SW,Washington,Lynnwood,98037,Mon-Sat 10am-9pm Sun 11am-7pm,shop.nordstrom.com/,,,,,,,,,,
Nordstrom,813.875.4400,2223 North Westshore Boulevard,Florida,Tampa,33607,Mon-Thu 10am-9pm Fri-Sat 10am-9:30pm Sun 11am-6:30pm,shop.nordstrom.com/,,,,,,,,,,
Nordstrom,704.442.6000,4400 Sharon Road,North Carolina,Charlotte,28211,Mon-Sat 10am-9pm Sun 11am-7pm,shop.nordstrom.com/,,,,,,,,,,
Nordstrom,,,Texas,Houston,,,shop.nordstrom.com/,,,,,,,,,,
Nordstrom,,,Rhode Island,Providence,,,shop.nordstrom.com/,,,,,,,,,,
Nordstrom,,,New Jersey,Freehold,,,shop.nordstrom.com/,,,,,,,,,,
Nordstrom,,,Texas,Austin,,,shop.nordstrom.com/,,,,,,,,,,
Nordstrom,,Galleria,Texas,Dallas,,,shop.nordstrom.com/,,,,,,,,,,
Nordstrom,,Northpark,Texas,Dallas,,,shop.nordstrom.com/,,,,,,,,,,
Nordstrom,,,Massachusetts,Natick,,,shop.nordstrom.com/,,,,,,,,,,
Nordstrom,,Tysons Corner,Virginia,McLean,,,shop.nordstrom.com/,,,,,,,,,,
Nordstrom,,,New Jersey,Paramus,,,shop.nordstrom.com/,,,,,,,,,,
Nordstrom,,,New York,Garden City,,,shop.nordstrom.com/,,,,,,,,,,
Nordstrom,,,California,San Jose,,,shop.nordstrom.com/,,,,,,,,,,
Nordstrom,,,California,San Francisco,,,shop.nordstrom.com/,,,,,,,,,,
Nordstrom,,,Maryland ,Bethesda,,,shop.nordstrom.com/,,,,,,,,,,
Nordstrom,,,Virginia,Arlington,,,shop.nordstrom.com/,,,,,,,,,,
Nordstrom,,,Colorado,Littleton,,,shop.nordstrom.com/,,,,,,,,,,
Nordstrom,,,Illinois,Oak Brook,,,shop.nordstrom.com/,,,,,,,,,,
Nordstrom,,,Missouri,St. Louis,,,shop.nordstrom.com/,,,,,,,,,,
Nordstrom,,Fashion Mall,Indiana,Indianapolois,,,shop.nordstrom.com/,,,,,,,,,,
Nordstrom,,,Virginia,Richmond,,,shop.nordstrom.com/,,,,,,,,,,
Nordstrom,,,Washington,Bellevue,,,shop.nordstrom.com/,,,,,,,,,,
Nordstrom,,Downtown,Washington,Seattle,,,shop.nordstrom.com/,,,,,,,,,,
Nordstrom,,,Kansas,Overland Park,,,shop.nordstrom.com/,,,,,,,,,,
Nordstrom,,,California,Sacramento,,,shop.nordstrom.com/,,,,,,,,,,
Nordstrom,,,New Jersey,Edison,,,shop.nordstrom.com/,,,,,,,,,,
Nordstrom,,,Washington,Tukwila,,,shop.nordstrom.com/,,,,,,,,,,
Normal Clothing,1 613-562-2043,184 Rideau Street,Ontario,Ottawa,K1N 5X6,Monday to Wednesday: 10am-8pm Thursday to Saturday: 10am-9pm Sunday: 11am-6pm ,www.nrml.ca,http://www.nrml.ca/skin/frontend/default/normltheme/images/storepics/00.jpg,,,,,,,,,
Norms,613-443-3030,829 Notre Dame,Ontario,Embrun,K0A 1W1,Regular Hours,N/A,N/A,,,,,,,,,
Northshore Outfitters,306-477-4126,#170-3310 8th St. E,Saskatchewan,Saskatoon,S7H 5M3,,http://www.northshoreoutfitters.ca/,https://encrypted-tbn0.google.com/images?q=tbn:ANd9GcQnQuTfBt4Ex5Ptd-UinWS_ME2xVJ3dWEDEMdBTdcEFvBjLHTrw,,,,,,,,,
Northshore Outfitters,306-477-4126,2753 Gordon Rd. Unit 154,Saskatchewan,Regina,S4S 6H7,,http://www.northshoreoutfitters.ca/,http://profile.ak.fbcdn.net/hprofile-ak-snc4/188056_125582584183071_521620_n.jpg,,,,,,,,,
Not Addicted ,01773 711 936,Cromford Road,UK,Nottingham,NG16 4HA,Mon-Sat: 9am-6pm, Sun: Closed,http://www.not-addicted.co.uk/,,,,,,,,,,
O Sommet Plein Air,(450) 635-7369,1 Rue Saint-Pierre #200,Quebec,St-Costant,J5A 2E1,Mon-Wed: 10am-6pm, Thurs, Fri: 10am-9pm, Sat: 9am-5pm, Sun: 10am-5pm,,,,,,,,,,,
Ocean Floor ,(604) 681-5014,1522 Duranleau Street  ,BC,Vancouver,V6H 3S4,N/A,N/A,N/A,,,,,,,,,
Off the Hanger/ Sac Fashion inc,9024064000,1551 South Park Street, Unit B,,Nova Scotia,Halifax,B3J 4B4,N/A,,,,,,,,,,,
Oink Oink,514 939 2634,1343, avenue Greene,,Quebec,Montreal,H3Z 2A5,N/A,www.oinkoink.com,http://www.petitlemblog.com/wp-content/uploads/2010/09/mtl-.jpg,,,,,,,,,
Oink Oink,416 322 8255,352 Eglington Avenue West,Ontario,Toronto,M5N 1A2,N/A,www.oinkoink.com,,,,,,,,,,
O.N.E.,?,,Quebec,Quebec,G1R 1S3,,,,,,,,,,,,
Open Country Whistler,604-938-9268,4599 Chateau Blvd Rr 4,,BC,Whistler,V0N 1B4,,,,,,,,,,,,
Open Sky,(203) 672 - 2002 ext 303,?,California,Orange County,?,,https://opensky.com/,,,,,,,,,,
Out On A Limb,416-785-5592,1755 Avenue Rd.,Ontario,Toronto,N5P 1C1,Monday to Saturday from 10:00 a:m to 6:00 p:m.,http://going.outonalimb.ca/,http://www.google.com/url?source=imglanding&ct=img&q=http://going.outonalimb.ca/wp-content/uploads/2010/12/MG_3831sm.jpg&sa=X&ei=1UfYTuHWKObk0QGc5rSADg&ved=0CAwQ8wc&usg=AFQjCNEzORW-iAz2r35mEt5W_4tSFo0UDg,,,,,,,,,
Patryka Design,250-743-3531,315-2720 Mill Bay Rd. Mill Bay Centre,BC,Mill Bay,V0R 2P0,,http://www.patrykadesigns.com/,N/A,,,,,,,,,
Paul's Boutique ,604 951-7597,2280 Guildford Town Center,BC,Surrey,V3R 7B9,,N/A,http://www.centredistribution.com/dealer/storemedia/563-paul--s-boutique-main.jpg,,,,,,,,,
Peek…Aren't You Curious ,310.434.9700,1015 Montana Ave,California,Santa Monica,90403,M-F: 10am – 7pm Sat: 10am – 7pm Sun: 11am – 6pm,http://www.peekkids.com,http://images.nitrosell.com/public_html/9/2123/images/store_santa_monica.jpg,,,,,,,,,
Peek…Aren't You Curious ,415.945.0100,1536 Redwood Hwy,California,Corte Madera,94925,M-F: 10am – 7pm Sat: 10am – 7pm Sun: 11am – 6pm,http://www.peekkids.com,http://images.nitrosell.com/public_html/9/2123/images/store_corte_madera.jpg,,,,,,,,,
Peek…Aren't You Curious ,949.719.7732,273 Newport Center Drive,California,Newport Beach,92660,M-F: 10am – 9pm Sat: 10am – 7pm Sun: 11am – 6pm,http://www.peekkids.com,http://images.nitrosell.com/public_html/9/2123/images/store_fashion_island.jpg,,,,,,,,,
Peek…Aren't You Curious ,480.991.0585,15051 N. Kierland Ave Space 120,Arizona,Scottsdale,85254,M-Sat: 10am – 9pm   Sun: Noon – 6pm,http://www.peekkids.com,http://images.nitrosell.com/public_html/9/2123/images/store_kierland.jpg,,,,,,,,,
Peek…Aren't You Curious ,214.987.2537,8687 N Central Expwy Suite 1706,Texas,Dallas,75225,M-Sat: 10am – 9pm   Sun: Noon – 6pm,http://www.peekkids.com,http://images.nitrosell.com/public_html/9/2123/images/store_northpark.jpg,,,,,,,,,
Peekaboo Baby Boutique,604-228-0804,4229 Dunbar St,,BC,Vancouver,V6S 2G1,Regular Hours,www.thepeekaboobaby.com,,,,,,,,,,
Persnickety ,250-931-0091,2103-115 Fulford-Ganges Rd,BC,Salt Spring Island,V8K 2T9,Regular Hours,http://www.persnicketykids.ca/index.php,,,,,,,,,,
Personalized Products,(262) 673-6300,625 W Sumner St,Wisconsin,Hartford,53027,N/A,N/A,,,,,,,,,,
Petit Bebe,(434) 244-9500,115 s. first st.,Virginia,Charlottesville,22902,m-sat 10am-6pm, sun by appt.,http://www.petitbebe.com,http://www.petitbebe.com/en/images/pbasp/petitbebe.jpg,,,,,,,,,
Phoenix Source for Sports ,306-446-4020,2702 99th Street,Saskatchewan,North Battleford,S9A 3B4,Regular Hours,N/A,N/A,,,,,,,,,
Pinehouse Coop,,Box 10 Pinehouse Lake,Saskatchewan,Pinehouse Lake,S0J 4B2,,,,,,,,,,,,
Pistachio,(604) 870-1067,Unit 113-2777 Gladwin Rd.,BC,Abbotsford,V2I 4V1,Monday - Thursday: 10 - 5:30 Friday: 10 - 7 Saturday: 10 - 5:30 Sunday: 12 - 5,http://www.pistachio.ca/,http://www.globalwebsites.ca/images/portfolio/pistachio2.jpg,,,,,,,,,
Pitti Bimi ,(732) 531-3676,264 Norwood Ave,New Jersy,Deal,7723,Sun 12-5, Mon Tue Thur Fri 10-6, wedn 10-7, sat 10-5,http://www.pittibimi.com,http://www.pittibimi.com/wpimages/wp78e378eb_05.jpg,,,,,,,,,
Planet Kids ,(250) 339-3422,1743B Comox Ave  ,BC,Comex,V9M 3M2,Regular Hours,N/A,N/A,,,,,,,,,
Plante Sport ,1-866-231-2334,300 Barkoff (Galeries du Cap),Quebec, Trois-Rivieres,G8T 2A3 ,Regular Hours,www.plantesports.com,N/A,,,,,,,,,
Plato,514-527-1444,1031 Mount Royal E.,Quebec,Montreal,H2J 1X7,,www.platoshop.com,http://www.montrealnitelifetours.com/media/299.jpg,,,,,,,,,
Please Mom,561.496.4441,7915 Jericho TPKE,New York,Woodbury,11797,Monday - Saturday 10am - 6pm Sunday 12pm - 5pm,http://pleasemomkids.com,,,,,,,,,,
Please Mom ,516.621.2450,1022 Willis Avenue,New York,Albertson,11507,Monday - Saturday 10am - 6pm Sunday 12pm - 5pm,http://pleasemomkids.com,,,,,,,,,,
Plenty,(604) 733-4484,200-62 8th Ave W,BC,Vancouver,V5Y 1M7,M 10-8, T-Sat 10-9, Sun 11-7,www.getplenty.com,N/A,,,,,,,,,
Polished Pumpkins,780-594-0077,5018B 50th Ave.,Alberta,Cold Lake,T9M 1P3,,N/A,N/A,,,,,,,,,
Poolside Fairmont Hot Springs Resort,250-345-6448,5237 Fairmont Resort Rd.,BC,Fairmont Hot Springs,V0B 1L1,,http://www.fairmonthotsprings.com/hot-springs,,,,,,,,,,
Poppy Store ,(310) 260-4777, 
225 26th St ,California,Santa Monica,90402,Sun 11am–5pm; Mon-Sat 10am–6pm,http://www.poppystores.com/,http://www.poppystores.com/sites/default/files/imagecache/press_image/poppyoutside.jpg,,,,,,,,,http://www.poppystores.com/sites/default/files/imagecache/press_image/bwinside1.jpg
Poppy Store Marin,(415) 464.0222,2413 Larkspur Landing Circle,California,Larkspur,94939,Monday-Saturday: 10am-6pm  Sunday: 12-5pm,http://www.poppystores.com/,http://www.poppystores.com/sites/default/files/imagecache/press_image/marininside1.jpg,,,,,,,,,http://www.poppystores.com/sites/default/files/imagecache/press_image/marininside.jpg
Port Sandfield Marina,(705) 765-3147,1327 Peninsula Rd #7,Ontario ,Port Sandfield, POB 1J0,,http://www.portsandfield.com/,http://portsandfieldmarina.com/images/bh_clothes.jpg,,,,,,,,,
Poser Vintage,,?,BC,Deep Cove,?,,,,,,,,,,,,
Princess And The Pea,780.488.7748,9654 - 142 Street,Alberta,Edmonton,T5N 4B2,M-W 10-5:30 T 10-8, F 10-5:30, Sat 10-5:30 Sun Closed,www.princessandthepea.ca,,,,,,,,,,
PRPL,514-544-5208,6645 Decarie,Quebec,Montreal (decarie),H3W 3E3,Mon-Fri: 9:30am-12:30pm, Afternoons and weekends by appointment,http://www.prplkids.com/www.prplkids.com,,,,,,,,,,
Pumpkin Pie Kids ,250-754-3933,411A Fitzwilliam Street,BC,Nanaimo,V9R 3A9,M-F 10-5:30, Sat 10-5, Sun 12-4,www.pumpkinpiekids.com,,,,,,,,,,
Purist,(408) 920-6603,55 Devine Street,California,San Jose,95110,Monday - Friday: 11:00am - 7:00pm Saturday: 12:00pm - 7:00pm,http://www.puristboutique.com,,,,,,,,,,
Purr Petite,403-283-7877,118A-110 Street NW,Alberta,Calgary,T2N 1V3,,http://purrpetite.com/,http://clikclakmag.files.wordpress.com/2011/04/purr-petite.jpg,,,,,,,,,
Rainbow Donkey,(250) 342-4470,901 7th Ave,BC ,Invermere,V0K 1K0,regular Hours,N/A,N/A,,,,,,,,,
Rain drops ,(416) 203-7246,100 Front Street West,Ontario,Toronto,M5J 1E8,Mon-Sat---- 8:30am-6:00pm    Sunday----- 10:00am-2:00pm,http://www.raindropsto.com/,http://www.raindropsto.com/images/Window.jpg,,,,,,,,,
Rainbird Boutique,250-381-3767,#101-240 Cook St.,BC,Victoria,V8V 3X5,Mon - Sat:10:00 am-5:30 pm Sun: 12:00 pm - 5:00 pm,https://www.facebook.com/rainbirdboutique,http://t0.gstatic.com/images?q=tbn:ANd9GcROXduN_PjH_8nosdzzz8eDLurfXwG0iHC85SNRTHhKHbnLtzUC38oUG3bV,,,,,,,,,
Raised By Wolves,(646) 272-8776,174 Franklin Street,New York,Brooklyn,11222,N/A,http://rbwnyc.com/,http://ny.racked.com/archives/2011/07/01/raised_by_wolves_opens_on_greenpoints_franklin_street.php,,,,,,,,,
Rapunzals Closet,(561) 659-5300,326 S. County Road,Florida,Palm Beach,33480,10am-6pm EST Monday - Saturday,http://www.shoprapunzels.com,http://www.shoprapunzels.com/Images/326S_County.jpg,,,,,,,,,
Relais Sportif ,418-276-8229,1340 Bd Wallberg,Quebec,Dolbeau,G8L 1H3,Regular Hours,N/A,N/A,,,,,,,,,
Rex Cox Menswear ,(604) 826-2721,33147 1st Avenue,BC,mission,V2V 1G5,M-T 9-5:30,F9-7, Sat,http://www.rexcoxmenswear.com/index.php,N/A,,,,,,,,,
Road Trip,613-562-0992,24B York St.,Ontario,Ottawa,K1N 1K2,Monday to Wednesday: 10am - 7pm Thursday and Friday: 10am - 9pm Saturday: 10am - 7pm Sunday: 12pm - 6pm,http://www.roadtripclothing.com/,https://encrypted-tbn0.google.com/images?q=tbn:ANd9GcR-h2o6CnNaBgckXMOvu7HovY-9eImnLKmrLL0zNGJQGVw40tMJ,,,,,,,,,
Royal Sport ,204-668-4584,650 Raleigh St,Manitoba,Winnipeg,R2K 3Z9,Mon-Fri: 11am-9pm, Sat: 9am-6pm, Sun: 12pm-5pm,http://royalsports.me/site/frontPage.html,,,,,,,,,,
Royal Sport ,204-453-7437,750 Pembina,Manitoba,Winnipeg,R2K 3Z9,Mon-Fri: 11am-9pm, Sat: 9am-6pm, Sun: 12pm-5pm,http://royalsports.me/site/frontPage.html,,,,,,,,,,
Ruins Board Shop,(250) 562-6213,1466 3rd Ave,BC,Prince George,V2L 3G2,,www.ruins.ca,,,,,,,,,,
Ruins Board Shop,(250) 635-9404,4706 Lakelse Ave.,BC,Terrace,V8G 1R6,,www.ruins.ca,,,,,,,,,,
Ryzen-7 ,(213) 620-9797,811 Traction Ave,California,LA,90013,regular Hours,N/A,N/A,,,,,,,,,
Sail Plein Air ,450-467-5223,1085 Industrie Blvd.,Quebec,Beloeil,J3G 4S5,M-W 9-6, T-F 9-9, Sat 9-5, Sun 10-5,www.sail.ca,,,,,,,,,,
Sail Plein Air ,450-321-1835,Quartier DIX30, 8780 Leduc Blvd,Quebec,Brossard,J4Y 0G4,M-W 9-6, T-F 9-9, Sat 9-5, Sun 10-5,www.sail.ca,,,,,,,,,,
Sail Plein Air ,450-688-6768,2850 Jacques-Bureau Ave,Quebec,Laval,H7P 0B7,M-W 9-6, T-F 9-9, Sat 9-5, Sun 10-5,www.sail.ca,,,,,,,,,,
Sail Plein Air ,418-476-7777,Centre Lebourgneuf, 5200 Des Gradins Blvd,Quebec,Quebec,G2J 0B8,M-W 9-6, T-F 9-9, Sat 9-5, Sun 10-5,www.sail.ca,,,,,,,,,,
Sail Plein Air ,905 448-1900,665, Laval Drive,Ontario,Oshowa,L1J 0B6,M-W 9-6, T-F 9-9, Sat 9-5, Sun 10-5,www.sail.ca,,,,,,,,,,
Sail Plein Air ,613-800-0939,Ottowa Train Yards, 175 Trainyards Drive Unit 2,Ontario,Ottowa,K1G 3X8,M-W 9-6, T-F 9-9, Sat 9-5, Sun 10-5,www.sail.ca,,,,,,,,,,
Sail Plein Air ,905 266-1033,137, Chrislea Road, Unit 1,Ontario,Vaughn,L4L 8N6,M-W 9-6, T-F 9-9, Sat 9-5, Sun 10-5,www.sail.ca,,,,,,,,,,
Saison De La Mode,450-375-9060,190 Rue Principale,Quebec,Gramby,J2G 2V6,Regular store hours,N/A,,,,,,,,,,
Saratoga Street,516-314-0176,212 Saratoga Street,New York,Island Park,11558,?,,,,,,,,,,,
Scallywags Kelowna,(250) 861-1312,101-2903 Pandosy St,BC,Kelowna,V1Y 1W1,Regular store hours,http://www.scallywagskelowna.com/,http://www.scallywagskelowna.com/assets/images/scallywags_front_2.jpg,,,,,,,,,
Schreter,514-845-4231,4358 Boul. St-Laurent,Quebec,Montreal,H2W 1Z5,M-W 9:30-6, T-F 9:30-9, Sat 9:30-5, Sun 12-5,www.schreter.com,http://assets.ourbis.ca/images/businesses/4f/a7/1387_p360_240.jpg?1338556631,,,,,,,,,
Seeleys Clothing,613-476-6617,151 Picton Main Street,Ontario,Picton,K0K 2T0,Mon-Sat: 10am-5pm, Sun: 10am-4pm,N/A,http://experiencethecounty.ca/wp-content/uploads/2011/11/Seeleys-store-front.gif,,,,,,,,,
Seraphin,418-522-2533,738 Saint-Jean,Quebec,Quebec,G1R 1P9,M-W 10-6, T-F 10-9, Sat 10-6, Sun 11-5:30,www.boutiqueseraphin.com,N/A,,,,,,,,,
Sewickley Sporting Goods,(412) 260 - 1332,MOVING,Pennsylvania,Sewickley,15143-9592,Mon: Closed, Tues, Thurs, Fri, Sat: 10am-5pm, Wed: 10am-7pm,http://www.sewickleysportinggoods.com/home,N/A,,,,,,,,,
Shabby Chic Kids ,(623) 249-8004,1300 S. Watson Road #a114 Pmb253,Arizona,Buckeye,85326,Regular store hours,N/A,N/A,,,,,,,,,
Shock 7 ,(306) 242-8720 ,11-410 Ludlow St,Saskatchewan,Saskatoon,S7S 1M7,Regular store hours,N/A,N/A,,,,,,,,,
Shoe Gypsy Tulsa ,918-551-6479,1604 E. 15 St.,Oklahoma,Tulsa,74120,Tuesday-Saturday 10am-6pm,http://www.shoegypsytulsa.com,http://static.shopify.com/s/files/1/0039/6322/files/location.jpg?1270739310,,,,,,,,,
Shop With Love  ,(203) 422 0900,22 West Putnam Avenue,Conneticut,Greenwich,6830,Monday – Saturday   »   10am - 5pm Or by appointment,http://love.palmsdevelopment.com,,,,,,,,,,
Smoochie Baby,(718) 384-3340,110 Berry Street,NY,Brooklyn,11249,Mon-Sat: 11am-7pm, Sun: 12pm-6pm,http://www.smoochiebabynyc.com/,http://beachesandpeaches.files.wordpress.com/2012/06/williamsburg-8.jpg?w=692&h=461,,,,,,,,,
Simons ,418-692-3630,20, Côte de la Fabrique,Quebec ,Vieux Quebec,G1R 3V9,M-W 9:30-5:30, T-F 9:30-9, Sat 9:30-5, Sun 12-5,www.simons.ca,www.simons.ca/eng/stores/store-locator_vieux-quebec.cfm,,,,,,,,,
Simons ,418-692-3630,2450, Boul. Laurier,Quebec ,Place Stainte-Foy,G1V 2L1,M-W 9:30-5:30, T-F 9:30-9, Sat 9:30-5, Sun 12-5,,www.simons.ca/eng/stores/store-locator_place-sainte-foy.cfm,,,,,,,,,
Simons ,418-692-3630,5401, Boul. des Galeries,Quebec ,Galeries de la Capitale,G2K 1N4,M-W 9:30-5:30, T-F 9:30-9, Sat 9:30-5, Sun 12-5,,www.simons.ca/eng/stores/store-locator_galeries-de-la-capitale.cfm,,,,,,,,,
Simons ,514-282-1840,977, Sainte-Catherine Ouest,Quebec ,Montreal,H3B 4W3,M-W 10-6, T-F 10-9, Sat 9:30-5, Sun 12-5,,www.simons.ca/eng/stores/store-locator_montreal-centre-ville.cfm,,,,,,,,,
Simons ,514-282-1840,Carrefour Laval, 3025, Boul. le Carrefour,Quebec ,Laval,H7T 1C7,M-W 10-6, T-F 10-9, Sat 9-5, Sun 12-5,,www.simons.ca/eng/stores/store-locator_carrefour-laval.cfm,,,,,,,,,
Simons ,514-282-1840,Promenades St Bruno, 600, Boul. des Promenades
,Quebec ,St. Bruno,J3V 6L9,M-W 10-6, T-F 10-9, Sat 9-5, Sun 12-5,,www.simons.ca/eng/stores/store-locator_promenades-st-bruno.cfm,,,,,,,,,
Simons ,819-829-1840,Carrefour de L'estrie, 3050, Boul. Portland
,Quebec,Sherbrooke,J1L 1K1,M-W 9:30-5:30, T-F 9:30-9, Sat 9-5, Sun 12-5,,www.simons.ca/eng/stores/store-locator_carrefour-de-l-estrie.cfm,,,,,,,,,
Simply Spoiled,306-543-6261,2727E Quance St.,Saskatchewan,Regina,S4V 3B7,Tues, Wed and Fri: 10:30am-5:30pm, Thurs: 10:30am-8pm, Sat:10am-5pm,http://www.simplyspoiledboutique.com/,http://s3-media4.ak.yelpcdn.com/bphoto/wR6VDPglUwX2w1KzbX1t8A/l.jpg,,,,,,,,,
Smarti Pantz,250-785-2445,9919 103 Ave.,BC,Fort St John,V1J 2H3,,,,,,,,,,,,
Sport Davis,418.548.9108,2854, Place Davis,Quebec,Jonquière,G7S 2C5,M-W 9-5:30, T-F 9-9, Sat 9-5, Sun 12-5,,www.sportsdavis.com,,,,,,,,,
Sport Expert 482 ,506 735-8472,33 Canada Road,NB,Edmundston,E3V 1T9,M-W 9:30-5:30, T-F 9:30-9:30, Sat 9:30-5, Sun Closed,,,,,,,,,,,
Sport Expert 528 ,819 346-5286,Carrefour de l'Estrie, 3050 Portland Blvd
,Quebec,Sherbrooke,J1L 1K1,M-W 9:30-6, T-F 9:30-9, Sat 9-5, Sun 12-5,,,,,,,,,,,
Sport Wellington,,,Quebec,Sherbrooke,J1L 1P8,Regular Hours,N/A,N/A,,,,,,,,,
Sports Bermarc Inc.,819-425-3421,348 Rue De Saint-Jovite,Quebec,Mont-Tremblant,J8E 2Z9,,,,,,,,,,,,
Sports Excellence Terrebonne,450.961.0211,1990, Chemin Gascon ,Quebec,Terrebonne,J6W 2L9,M-W 10-6, T-F 10-9, Sat 9-5, Sun 10-5,,www.sportsexcellenceterrebonne.com,,,,,,,,,
Sports Expert,450 926-2000,Quartier DIX30, 9550 Leduc Blvd
,Quebec,Brossard,J4Y 0B3,M-T 10-6, W-F 10-9, Sat 9-5, Sun 10-5,,,,,,,,,,,
Sports Expert,819 477-4533,Promenades Drummondville, 755 René-Lévesque Blvd
,Quebec,Drummondville,J2C 6Y7,M-W 9:30-5:30, T-F 9:30-9, Sat 9-5, Sun 12-5,,,,,,,,,,,
Sports Expert,450 777-7678,Galeries de Granby, 40 Évangéline St.
,Quebec,Granby,J2G 8K1,M-W 9:30-5:30, T-F 9:30-9, Sat 9-5, Sun 11-5,,,,,,,,,,,
Sports Expert,819 777-2222,Méga Centre de la Montagne, ,Quebec,Hull,J9A 3G1,M-T 9-6, W-F 9-9, Sat 9-5, Sun 10-5,,,,,,,,,,,
Sports Expert,514 365-1286,Carrefour Angrignon, 7077 Newman Blvd
,Quebec,Lasalle,H8N 1X1,M-T 10-6, W-F 10-9, Sat 9-5, Sun 10-5,,,,,,,,,,,
Sports Expert,514 694-8181,Fairview Shopping Centre, 6815 Trans Canada Highway
,Quebec,Pointe-Claire,H9R 5J1,M-F 10-9, Sat 9-5, Sun 10-5,,,,,,,,,,,
Sports Expert,819 762-2318,69 Gamble St West,Quebec,Rouyn-Noranda,J9X 2R3,M-W 9:30-5:30, T-F 9:30-9, Sat 9-5, Sun 12-5,,,,,,,,,,,
Sports Expert,450 774-3135,3200 Laframboise Blvd,Quebec,Saint-Hyacinthe,J2S 4Z5,M-W 9-6, T-F 9-9, Sat 9-5, Sun 10-5,,,,,,,,,,,
Sports Expert,450 432-9400,Carrefour Du Nord,
Carrefour du Nord 900 Grignon Blvd,Quebec,Saint-Jerome,J7Y 3S7,M-T 10-6, W-F 10-9, Sat 9-5, Sun 10-5,,,,,,,,,,,
Sports Expert,418 834-0131,Méga Centre Rive-Sud, 675, de la Concorde St
,Quebec,Saint-Romauld,G6W 8A7,M-W 9:30-5, T-F 9:30-9, Sat 9-5, Sun 10-5,,,,,,,,,,,
Sports Expert,450 227-4617,Galeries des Monts, 75 de la Gare Avenue
,Quebec,Saint-Sauveur, J0R 1R6,M-W 9:30-6, T-F 9:30-9, Sat 9-5, Sun 10-7,,,,,,,,,,,
Sports Expert,450 538-1199,Mount Sutton Ski, 671 Maple St
,Quebec,Sutton,J0E 2K0,M-F 8:30-4:30, Sat-Sun 8-4:30,,,,,,,,,,,
Sports Expert,450 471-3688,Galeries Terrebonne, 1185 Moody St,Quebec,Terrebonne,J6W 3Z5,M-T 10-6, W-F 10-9, Sat 9-5, Sun 10-5,,,,,,,,,,,
Sports Expert,819 376-4340,2930 des Récollets Blvd,Quebec,Trois Rivieres,G9A 6J2,M-W 9:30-5:30, T-F 9:30-9, Sat 9-5, Sun 9-5,,,,,,,,,,,
Sports Expert,819 874-6944,Carrefour du Nord-Ouest, 1801- 3rd Avenue
,Quebec,Val-D'or,J9P 5K1,M-W 9:30-5:30, T-F 9:30-9, Sat 9-5, Sun 12-5,,,,,,,,,,,
Sports Expert,514 745-3202,La Place Vertu, 3131 de la Côte-Vertu Blvd
,Quebec,Ville St Laurent, H4R 1Y8,M-T 10-6, W-F 10-9, Sat 9-5, Sun 12-5,,,,,,,,,,,
Sports Expert,403 609-3030,100-1080 Railway Avenue,Alberta,Canmore, T1W 1P4,M-Sat 8-9, Sun 8-7,,,,,,,,,,,
Sports Expert ,450 671-7275,Champlain Mall, 2151 Lapinière Blvd
,Quebec,Brossard,J4W 2T5,M-T 10-6, W-F 10-9, Sat 9-5, Sun 10-5,,,,,,,,,,,
Sports Expert ,450 699-3939,298 d'Anjou Blvd,Quebec,Chateauguay,J6K 1C6,M-W 9:30-6, T-F 9:30-9, Sat 9-5, Sun 10-5,,,,,,,,,,,
Sports Expert ,450 263-7538,1777 South Street,Quebec,Cowansville,J2K 3G8,M-W 9:30-6, T-F 9:30-9, Sat 9-5, Sun 11-5,,,,,,,,,,,
Sports Expert ,450 638-8880,59C Route 132,Quebec,Delson,J5B 1H1,M-W 9:30-6, T-F 9:30-9, Sat 9-5, Sun 12-5,,,,,,,,,,,
Sports Expert ,514 683-5333,3345 des Sources Blvd,Quebec,Dollard-des-Ormeaux,H9B 1Z8,M-W 10-6, T-F 10-9, Sat 9-5, Sun 11-5,,,,,,,,,,,
Sports Expert (538),450 463-3452,Place Longueuil, 825 St Laurent St West
,Quebec, Longueuil,J4K 2V1,M-W 10-6, T-F 10-9, Sat 9-5, Sun 10-5,,,,,,,,,,,
Sports Expert 402 ,(450)471-3688,671 De La Sabliere,Quebec,Bois-des-filion (laval),J6Z 4T2,,,www.sportsexperts.ca,,,,,,,,,
Sports expert 405,(450)471-3688,671 De La Sabliere,Quebec,Bois-des-filion (laval),J6Z 4T2,,,,,,,,,,,,
Sports Expert 408,450 348-0937,600 Pierre Caisse St,Quebec,St Jean sur Richelieu,J3A 1M1,M-T 10-6, W-F 10-9, Sat 9-5, Sun 10-5,,,,,,,,,,,
Sports Expert 409 ,450 746-1213,Promenades de Sorel, 450 Poliquin Blvd
,Quebec,Sorel-Tracy,J3P 7R5,M-W 9:30-5:30, T-F 9:30-9, Sat 9-5, Sun 11:30-5,,,,,,,,,,,
Sports Expert 413 ,613-829-7680,100 Bayshore Dr. 3rd Floor,Ontario,Ottawa,K2B 8C1,,,,,,,,,,,,
Sports Expert 414,514 353-9000,Galeries D'Anjou, 7999 Galeries d'Anjou Blvd
,Quebec,Ville D'anjou,H1M 1W9,M-F 10-9, Sat 9-5, Sat 10-5,,,,,,,,,,,
Sports Expert 415 ,418 871-5150,Duplessis Centre, 1475 Jules-Verne Blvd
,Quebec,Saint- Foy,G2G 2R8,M-W 9:30-5:30, T-F 9:30-9, Sat 9-5, Sun 10-5,,,,,,,,,,,
Sports Expert 418 ,514 908-1414,Place Alexis Nihon, 1500 Atwater St
,Quebec,Montreal,H3Z 1X5,M-W 10-6, T-F 10-9, Sat 9-5, Sun 10-5,,,,,,,,,,,
Sports Expert 421 ,418 862-7594,Rivière-du-Loup Shopping Centre, 298 Armand-Thériault Blvd
,Quebec,Riviere-de-loup,G5R 4C2,M-W 9:30-5:30, T-F 9:30-9, Sat 9-5, Sun 12-5,,,,,,,,,,,
Sports Expert 422,418 962-7424,Place de Ville, 770 Laure Blvd
,Quebec,Sept- Iles, G4R 1Y5,M-W 9:30-5:30, T-F 9:30-9, Sat 9-5, Sun 12-5,,,,,,,,,,,
Sports Expert 425 ,418 871-5150,Duplessis Centre, 1475 Jules-Verne Blvd
,Quebec,Saint- Foy,G2G 2R8,M-W 9:30-5:30, T-F 9:30-9, Sat 9-5, Sun 10-5,,,,,,,,,,,
Sports Expert 427,819 357-7767,Grande Place des Bois-Francs, 1111 Jutras Blvd East
,Quebec,Victoriaville, G6S 1C1,M-W 9:30-5:30, T-F 9:30-9, Sat 9-5, Sun 11-5,,,,,,,,,,,
Sports Expert 433 ,514 735-4751,Rockland Centre, 2305 Rockland Road
,Quebec,Ville Mont Royal, H3P 3E9,M-W 10-6, T-F 10-9, Sat 9-5, Sun 10-5,,,,,,,,,,,
Sports Expert 436,450 467-7201,Montenach Mall, 600 Sir-Wilfrid-Laurier Blvd
,Quebec,Beloeil,J3G 4J2,M-W 9:30-6, T-F 9:30-9, Sat 9-5, Sun 12-5,,,,,,,,,,,
Sports Expert 454 ,450 373-4000,277 Victoria St,Quebec,Valleyfield, J6T 1A9,M-W 10-6, T-F 10-9, Sat 9-5, Sun 11-5,,,,,,,,,,,
Sports Expert 462,450-682-0032,3035 Boul. Le Carrefour,Quebec,Laval,H7T 1C8,,,,,,,,,,,,
Sports Expert 468 ,819 843-1331,346 Principale St West,Quebec,Magog,J1X 2A9,M-W 9-5:30, T-F 9-9, Sat 9-5, Sun 12-5,,,,,,,,,,,
Sports Expert 472 ,418-658-6134,2700 Boulevard Laurier,Quebec,Saint-Foy,G1V 2L8,M-W 9-5:30, T-F 9-9, Sat 9-5, Sun 12-4,,,,,,,,,,,
Sports Expert 475 ,418 662-6513,Le Centre Alma, 705 du Pont Avenue North
,Quebec,Alma,G8B 5T6,M-W 9-5:30, T-F 9-9, Sat 9-5, Sun 12-6,,,,,,,,,,,
Sports Expert 484,418 545-4945,
Place du Royaume, 1401, Boul. Talbot,Quebec,Chicoutimi,G7H 5N6,M-W 9:30-5:30, T-F 9:30-9, Sat 9-5, Sun 10-4,,,,,,,,,,,
Sports Expert 485 ,418 627-0062,Galeries de la Capitale, 5401 des Galeries Blvd
,Quebec ,Quebec,G2K 1N4,M-W 9:30-5:30, T-F 9:30-9, Sat 9-5, Sun 10-5,,,,,,,,,,,
Sports Expert 486 ,613-237-5760,50, rue Rideau  second floor,Ontario,Ottawa,K1N 9J7,,,,,,,,,,,,
Sports Expert 492,450 756-1645,Galeries Joliette, 1075 Firestone Blvd,Quebec,Joliette, J6E 6X6,M-W 9:30-5:30, T-F 9:30-9, Sat 9-5, Sun 10-5,,,,,,,,,,,
Sports Expert 495,418 835-1088,Galeries Chagnon, 1200 Alphonse-Desjardins Blvd
,Quebec ,Levis,G6V 6Y8,M-W 9:30-5:30, T-F 9:30-9, Sat 9-5, Sun 10-5,,,,,,,,,,,
Sports Expert 502,450 472-5485,200 Arthur-Sauvé Blvd,Quebec,St-Eustache,J7R 2H9,M-W 9:30-6, T-F 9:30-9, Sat 9-5, Sun 12-5,,,,,,,,,,,
Sports Expert 518 ,450 437-1933,Place Rosèmere,Quebec,Rosemere, J7A 3T2,M-F 10-9, Sat 9-5, Sun 12-5,,,,,,,,,,,
Sports Expert 519 Delorme-Legace,450 658-0561,533 De Périgny Blvd,Quebec,Chambly,J3L 1W4,M-W 9-6, T-F 9-9, Sat 9-5, Sun 12-5,,,,,,,,,,,
Sports Expert 526 ,450 653-1364,Promenades Saint-Bruno, 615 des Promenades Blvd
,Quebec,St Bruno,J3V 6L9,M-F 10-9, Sat 9-5, Sun 10-5,,,,,,,,,,,
Sports Expert 527 ,,8585 boul Lacroix,Quebec,Saint-Georges,G5Y 5L6,,,,,,,,,,,,
Sports Expert 529 ,450 581-3220,Galeries Rive-Nord, 100 Brien Blvd
,Quebec,Repentigny,J6A 5N4,M-T 10-6, W-F 10-9, Sat 9-5, Sun 10-5,,,,,,,,,,,
Sports Expert 532,418 589-9021,Manicouagan Centre, 600 Laflèche Blvd
,Quebec,Baie Comeau,G5C 2X8,M-W 9:30-5:30, T-F 9:30-9, Sat 9-5, Sun 12-5,,,,,,,,,,,
Sports Expert 534 ,514 866-1914,930 St Catherine St West,Quebec,Montreal,H3B 3R7,M-F 10-9, S-S 10-6,,,,,,,,,,,
Sports Expert 545 ,,520 Boul. Smith,Quebec,Thetford Mines,G6G 5V9,,,,,,,,,,,,
Sports Expert 546 ,819 243-3711,Promenades de l'Outaouais, 1100 Maloney Blvd West
,Quebec,Gatineau,J8T 6G3,M-T 9:30-5:30, W-F 9:30-9, Sat 9-5, Sun 10-5,,,,,,,,,,,
Sports Expert 553 ,418-649-1999,550 boul wilfrid hamel,Quebec,Quebec,G1M 2S6,M-W 9:30-5:30, T-F 9:30-9, Sat 9-5, Sun 10-5,,,,,,,,,,,
Sports Expert 600,819-376-4343,4125 Des Forges Local T4-,Quebec,Trois Rivieres,G8Y1W1,M-W 9:30-5:30, T-F 9:30-9, Sat 9-5, Sun 10-5,,,,,,,,,,,
Sports Expert 615 ,250 785-7771,Totem Mall- 9600 93rd Avenue
,BC,Fort St John,V1J 5Z2,M-T 9:30-6, F 9:30-9, Sat 9:30-6, Sun 12-7,www.sportsexperts.ca,,,,,,,,,,
Sports Expert 621,819-986-7429,444 Ave De Buckingham,Quebec,Gatineau,J8L 2G7,,,,,,,,,,,,
Sports Expert 668,450 682-0032,Carrefour Laval, 3035 Carrefour Laval Blvd
,Quebec,Laval,H7T 1C8,M-W 10-6, T-F 10-9, Sat 9-5, Sun 10-5,,,,,,,,,,,
Sports Expert 681,,39 Montee Sandy Beach,Quebec,Gaspe,G4X 2A9,,,,,,,,,,,,
Sports Expert 725 ,,11500 100th Avenue,AB,Grande Prairie,T8V 4C2,,,,,,,,,,,,
Sports Expert 730 ,418 835-1088,675 De La Concord Local,Quebec,Levis,G6W 8A7,M-W 9:30-5:30, T-F 9:30-9, Sat 9-5, Sun 10-5,,,,,,,,,,,
Sports Expert 763,418 660-7767,215 Joseph-Casavant St,Quebec,Beauport, G1C 7X8,M-W 9:30-5:30, T-F 9:30-9, Sat 9-5, Sun 10-5,,,,,,,,,,,
Sports Expert 770 (Pierre),,305 Main Street,YK,Whitehorse,Y1A 2B4,,,,,,,,,,,,
Sports Expert 775 ,418 723-6543,Carrefour Rimouski, 419 Jessop Blvd
,Quebec,Rimouski,G5L 7Y5,M-W 9:30-5:30, T-F 9:30-9, Sat 9-5, Sun 12-5,,,,,,,,,,,
Sports Expert 777 ,418 871-5150,1475 Jules-Verne Blvd,Quebec,Saint-Foy,G2G 2R8,M-W 9:30-5:30, T-F 9:30-9, Sat 9-5, Sun 10-5,,,,,,,,,,,
Sports Expert 781 ,418 627-6665,Mega Centre Lebourgneuf, 200 Bouvier St
,Quebec,Quebec,G2J 1R8,M-W 9:30-5:30, T-F 9:30-9, Sat 9-5, Sun 10-5,,,,,,,,,,,
Sports Expert 793,450-689-3020,Mega Centre Notre Dame 2336 Autoroute Chomedy,Quebec,Laval,H7X 4G8,,,,,,,,,,,,
Sports Expert 794 ,613-342-2275,220-B Crocker Crescent,Quebec,Brockville,K6V 0A4,,,,,,,,,,,,
Sports Expert 889, 613.590.0755,4338 Innes Road,Ontario,Orleans,K4A 3W3,,,,,,,,,,,,
Sports Shawinigan,,5 Rue de La Reserve,Quebec,Shawinigan,G9N 1X9,,,,,,,,,,,,
Spring Street Boutique ,(434) 975-1200,107 West Main Street,Virginia,Charlottesville,22902,Mon - Wed:10:00 am-7:00 pm Thu - Sat: 10:00 am - 8:00 pm Sun: 12:00 pm - 6:00 pm,N/A,http://a1.sphotos.ak.fbcdn.net/hphotos-ak-snc4/62786_130281740356326_130276683690165_196910_5116399_n.jpg,,,,,,,,,
Sprotes Expert 787,450 655-2666,Carrefour de la Rive-Sud, 582, chemin de Touraine
,Quebec,Boucherville,J4B 5E4,M-W 9:30-6, T-F 9:30-9, Sat 9-5, Sun 10-5,,,,,,,,,,,
Sprouts N' Jabbers,780-842-2127,213-10 Street,Alberta,Wainwright,T9W 1N7,,,,,,,,,,,,
St Bernard Sport,(800) 461-4450,3120 Commonwealth DR,Texas,Dallas,75247,Monday through Friday 11am to 7pm Saturday 10am to 6pm  Saturday 10am to 6pm,www.stbernardsports.com,http://www.stbernardsports.com/images/Ouletsign.jpg,,,,,,,,,
St- Bo La Source Du Sport,819-535-2000,191-A Trudel Est,,Quebec,St-Boniface,G0X 2L0,,,,,,,,,,,,
Steve's Boardshop ,778-297-7422,150-12240 2nd Ave.,BC,Richmond,V7E 3L8,,www.stevesboardshop.com,,,,,,,,,,
Steveston Village Maternity,604-447-1744,110-3911 Moncton St.,BC,Richmond,V7E 3A7,Sun-Mon 12-4pm Tues-Sat 10-5pm,http://www.stevestonvillagematernity.com,http://insteveston.com/wp-content/uploads/2011/12/9darCeA-0.o59gbqrqvja9vn29.jpg,,,,,,,,,
Stork Avenue Boutique,780-470-5437,70-585 St. Albert Road,Alberta,St Albert.,T8N 6G5,M-F 9:30-5:30, Sat 10-5, Sun by Appointment,www.storkavenue.ca,,,,,,,,,,
Study Hall,773-270-0184,912 N. Ashland Ave.,Chicago,Illinois,60622,,,,,,,,,,,,
Style Exchange ,514.389.8585,Centre Rockland, 2305 Rockland,Quebec,Montreal,H3P 3E9,M-T 10-6, W-F 10-9, Sat 9-5, Sun 10-5,www.stylexchange.com,,,,,,,,,,
Style Exchange ,514.354.7273,Place Versailles, 7275 Sherbroke East,Quebec,Montreal,H1N 1E9,M-F 9:30-9, Sat 9-5, Sun 10-5,www.stylexchange.com,,,,,,,,,,
Style Exchange ,450.433.2226,Place Rosemere, 401 Boulevard Labelle,Quebec,Rosemere,J7A 3T2,M-F 10-9, Sat 9-5, Sun 10-5,www.stylexchange.com,,,,,,,,,,
Style Exchange ,450.689.2411,Mega Centre Notre-Dame, 2460 Autoroute Chomedy
,Quebec,Ste-Dorothee,H7X 4G8,M-F 10-9, Sat 9-5, Sun 10-5,www.stylexchange.com,,,,,,,,,,
Style Exchange ,450.934.2047,Carrefour Laval, 3003 boulevard Le Carrefour
,Quebec,Laval,H7T 1C7,M-F 10-9, Sat 9-5, Sun 10-5,www.stylexchange.com,,,,,,,,,,
Style Exchange ,514.903.2567,Le Boulevard, 4142 Jean Talon Est,Quebec,Montreal,H1S 2V4,M-W 9:30-6, T-F  9:30-9, Sat 9-5, Sun 10-5,www.stylexchange.com,,,,,,,,,,
Style Exchange ,514.282.6500,Place Montreal Trust, 1500 McGill College Ave,Quebec,Montreal,H3A 3J5,M-T 10-6, W-F 10-9, Sat 9-5, Sun 11-5,www.stylexchange.com,,,,,,,,,,
Style Exchange ,514.695.3303,Fairview, 6801, Transcanada Highway,Quebec,Pointe-Claire,H9R 5J2,M-F 10-9, Sat 9-5, Sun 10-5,www.stylexchange.com,,,,,,,,,,
Style Exchange ,450.465.2662,Mail Champlain, 2151, boul. Lapinière ,Quebec,Brossard,J4W 2T5,M-T 10-6, W-F 10-9, Sat 9-5, Sun 10-5,www.stylexchange.com,,,,,,,,,,
Style Exchange ,514.937.5601,Faubourg Ste Catherine,Quebec,Montreal,H3H 1L7,M-T 10-7, W-F 10-9, Sat 9-7, Sun 10-5,www.stylexchange.com,,,,,,,,,,
Style Exchange ,581.741.1600,Place Laurier, 2700 Boulevard Laurier
,Quebec,Quebec,G1V 5C2,M-W 10-5:30 T-F 10-9, Sat 9-5, Sun 10-5,www.stylexchange.com,,,,,,,,,,
Style Exchange ,418.623.0106,Les Galeries de la Capitale, 5401, boulevard des Galeries
,Quebec,Quebec,G2K 1N4,M-W 9:30-5:30 T-F 9:30-9, Sat 9-5, Sun 10-5,www.stylexchange.com,,,,,,,,,,
Style Exchange ,647.352.3727,Toronto Eaton Center, 220 Yonge Street, Unit B003A
,Ontario,Toronto,M5R 2H1,M-F 10-9, Sat 9:30-7, Sun 11-6,www.stylexchange.com,,,,,,,,,,
Style Exchange ,905-497-6755,Bramalea City Center, 25 Peel Centre Drive
,Ontario,Brampton,L6T 3R5,M-F 10-9, Sat 9:30-6, Sun 11-6,www.stylexchange.com,,,,,,,,,,
Style Exchange ,905.707.6684,Promenade Shopping Center,Ontario,Thornhill,L4J 4P8,M-F 10-9, Sat 9:30-6, Sun 11-6,www.stylexchange.com,,,,,,,,,,
Style Exchange ,416-901-2224,Queen Street West At Spadina,Ontario,Toronto,M5V 2A2,M-W 10-8, T-F 10-9, Sat 10-8, Sun 12-7,www.stylexchange.com,,,,,,,,,,
Sunbeam Shop ,(216) 397-3929,3469 Fairmount Boulevard,Ohio,cleveland Heights,44118,Mon-Fri 10am-5:30pm  Sat 10am-5pm,www.sunbeamcleveland.com,http://www.sunbeamcleveland.com/wp-content/uploads/2010/01/sunbeambaby.jpg,,,,,,,,,
Sunset Beach boutique.,(631) 749-2001,35 Shore Road,New York,Shelter island Height,11965,N/A,http://www.sunsetbeachli.com,N/A,,,,,,,,,
Teddy Bear Dreams,(604) 792-3215,45903 Wellington Ave,BC,Chilliwack,V2P 2C8,M-Sat 9:30-5,http://www.teddybeardreams.ca/,N/A,,,,,,,,,
The Bay,All stores,All stores,All stores,All stores,,Regular Store Hours,http://www.thebay.com/,N/A,,,,,,,,,
The Cross,(604) 689 - 2900,,BC,Vancouver,V6B 2X6,Regular Store Hours,http://www.thecrossdesign.com/,N/A,,,,,,,,,
The Coveterie,(647) 678-4717,12 Irwin Avenue,ON,Toronto,M4Y 1K9,,www.thecoveterie.com,,,,,,,,,,
The Great Outdoors,518-946-2012,5549 State Route 86,New York,Wilmiington,12997,Mon - Sun:9:00 am-5:00 pm,N/A,,,,,,,,,,
The Kids Room,250-374-5022,C117-1180 Columbia St. W.,BC,Kamaloops,V2C 6R6,Sunday: Closed Monday-Sat 10:00 am - 5:00 pm ,http://www.shopinkamloops.com/The-Kids-Room/601824.htm,,,,,,,,,,
The layup shop,613.237.9689,854 Somerset st west,Ontario,Ottawa,K1R 6R7,,,http://www.google.com/url?source=imglanding&ct=img&q=http://ottawaoffcentre.files.wordpress.com/2009/11/layup_1.jpg?w=300&h=199&sa=X&ei=3vzTTvvHFePo0QH0t6U7&ved=0CAwQ8wc4Ew&usg=AFQjCNHQ9p8eEN5tlAJn70D8bW7oHma5jg,,,,,,,,,
The Loop,519.746.1688,56 King St. North.,Ontario,Thunder Bay,N2J 2X1,Mon- Wed 11:00 – 7:00 Thurs & Fri 11:00 – 8:00 Sat 11:00 – 6:00 Sun Closed,http://loopclothing.net/,http://loopclothing.net/wp-content/uploads/2009/05/contact.jpg,,,,,,,,,
The Peak Experience,(613) 384-2002,795 Gardiners Rd,Ontario,Kingston,K7M 7E6,,,,,,,,,,,,
The Place For Men,403-209-2066,2823 14 ST. SW,Alberta,Calgary,T2I 3V3,Regular Store Hours,N/A,http://media.weblocal.ca/r/650x500/photos/Dox-2IrAR1_x--/anthonys-fashion-for-men-saskatoon-sk.jpg,,,,,,,,,
The Rainbow Donkey,250-342-4470,105-901 7th Ave. PO Box 2250,BC,Invermere,V0A 1K0,Mon - Sat: 10:00 AM-5:00 PM,https://www.facebook.com/pages/Rainbow-Donkey-Kids-Clothing/280516314234?sk=info,http://www.chimparoo.ca/image_pointdevente/127_logo.jpg,,,,,,,,,
The Source ,403-609-3041,102-630 Main Street,Alberta,Calgary,T1W 2B5,,www.sourceboards.com,,,,,,,,,,
The Tannery,617.491.0810,37 Brattle St.,Massachusetts,Cambridge,2138,M-F 9-9, Sat 9-8, Sun 10-7,http://www.thetannery.com,http://www.bradvisors.com/uploads/Image/thetannery.JPG,,,,,,,,,
The Urban Rack,604.940.6011,5211 Ladner Trunk Rd.,BC,Ladner,V4K 1W4,Mon-Fri: 10am-6pm Sat: 9:30am-5:30am Sun: 12:00pm-5:00pm,http://www.theurbanrack.com/,http://s3-media2.ak.yelpcdn.com/bphoto/yPzqNXofH16jRdaSRwP_dw/l.jpg,,,,,,,,,
The Urbann Rack,604.733.6553,2207 West 4th Ave,BC,Vancouver,V6K 1n9,Mon-Thurs: 10am-6pm Fri: 10am-8pm Sat: 10am-6pm Sun: 11am-5pm,http://www.theurbanrack.com/,http://s3-media2.ak.yelpcdn.com/bphoto/yPzqNXofH16jRdaSRwP_dw/l.jpg,,,,,,,,,
Threads & Needles ,(310) 320-0101,1305 Sartori Ave,California,Torrance,90501,N/A,http://threadsneedlestorrance.blogspot.com/,http://2.bp.blogspot.com/_BSQREnbOdSc/TKuWrhJM_BI/AAAAAAAAAAk/woYNtTMka0w/s320/facade.jpg,,,,,,,,,
Tilley,(905) 949-0300,100 City Centre Drive,Ontario ,Mississauga,,mon-fri 10am-9pm  sat 9:30am-6pm  Sun 11:00am - 6:00pm,www.tilley.com,http://www.tilley.com/Repository/SQ11.jpg,,,,,,,,,
Tilley,(416) 203-0463,207 Queen's Quay West first floor,Ontario,Toronto,M5J 1A7,10am to 6pm every day,www.tilley.com,http://www.tilley.com/Repository/QQ3.jpg,,,,,,,,,
Tilley,(416) 441-6141,900 Don Mills Road,Ontario,Toronto,M3C 1V6,Mon-Fri 10am-7pm Sat 10am-6pm  Sun 11am- 6pm,www.tilley.com,http://www.tilley.com/Repository/DM1.jpg,,,,,,,,,
Tomboy,323)644-1475,2945 ROWENA AVENUE,California,Los Angeles ,90039,MON-SAT 11AM - 6PM SUN 12 NOON - 5PM,http://www.tomboykidsla.com,http://static.dailycandy.com/resource.jsp?id=36526&name=tomboy.jpg,,,,,,,,,
Tourisme Jeunesse MTL,(514) 252-3208,3514, avenue Lacombe,Quebec,Montreal,H3T 1M1,,,,,,,,,,,,
Trail Bay Source for Sports,(604) 885-2512,5504 Trail Avenue,BC,Sechelt,V0N 3A0,Regular Store Hours,N/A,http://trailbaycentre.com/wp-content/uploads/2012/06/trail-bay-source-for-sports.jpg,,,,,,,,,
Trailhead,(613) 722-4229,1960 Scott Street  Ottawa,,Ontario,Ottawa,K1Z 8L8,Mon-Wed 09:30 AM To 07:00 PM Thur To Fri 09:30 AM To 09:00 PM Sat 09:00 AM To 05:00 PM Sun 11:00 AM To 05:00 PM,www.trailhead.ca/,,,,,,,,,,
Tree Frog Gallery,(250) 539 - 3551,,BC,Mayne Island,V0N 2J2,,http://www.treefroggallery.ca/,,,,,,,,,,
Trulook Designs,250 861-1312.,101-2903 Pandozy St.,BC,Kelwona,V1Y 1W1,Mon - Sat: 10:00 AM-5:30 PM,http://www.scallywagskelowna.com/,,,,,,,,,,
Trustfund Boutique,(613) 562-0999,493 Sussex Drive,Ontario,Ottawa,K1N 6Z5,Regular Store Hours,http://www.trustfundboutique.com/,,,,,,,,,,
Twisted Sister ,709.722.6004,175 water street,Newfoundland,St. Johns,A1C 1B1,M-F 10-9, Sat 10-6, Sun 12-5,www.twistedsistersboutik.blogspot.com,,,,,,,,,,
ultraviolet,418-542-9121,3595 boul. Harvey,Quebec,Jonquière,G7X 3B5,M-W 9:30-5:30 T-F 9:30-9, Sat 9:30-5, Sun 12-5,www.ultravioletsports.com,,,,,,,,,,
ultraviolet,418-696-6555,1130, boul. Talbot,Quebec,Chicoutimi,G7H 4B6,M-W 9:30-5:30 T-F 9:30-9, Sat 9:30-5, Sun 12-5,www.ultravioletsports.com,,,,,,,,,,
ultraviolet,418-662-2427,494 Sacré-Coeur Ouest,Quebec,Alma,G8B 1L9,M-W 9:30-5:30 T-F 9:30-9, Sat 9:30-5, Sun 12-5,www.ultravioletsports.com,,,,,,,,,,
Underworld Mtl. ,514.284.6473,251 Ste-Catherine East,Quebec,Montreal,H2X 1L5,M-W 10-6 T-F 10-9, Sat 10-6, Sun 11-6,www.underworld-shop.com,,,,,,,,,,
Underworld Vancouver ,604.899.8949,1043 Granville Street,BC,Vancouver (granville) ,V6Z 1L2,M-W 11-8, T-F 11-9, Sat 11-9, Sun 11-7,www.underworld-shop.com,,,,,,,,,,
Uniform,,3052 Fulton St.,New York,Brooklyn,11208,,,-,,,,,,,,,
Urban Rack ,,?,BC,Vancouver,?,Regular Store Hours,http://www.theurbanrack.com/index.html,,,,,,,,,,
Vetements Unique,(514) 381-9964,9455 boul Saint-Laurent,Quebec,Montreal,H2N1P6,N/A,N/A,N/A,,,,,,,,,
Vis A Vis,508-228-5527,34 Main St. P.O. Box 1438,Massachusetts,Nantucket,2554,,www.visavisnantucket.com,http://partners.static.cityvoter.com/GetImage.ashx?img=00/00/00/01/95/34/19534-104941.jpg&w=400&pad=%23FFFFFF&cb=0,,,,,,,,,
Vivace,(828) 526-9754,230 S 4th Street,North Carolina,Highlands,28741,N/A,N/A,,,,,,,,,,
West End Kids,(613) 722-8947,373 Richmond Road,Ontario,Ottawa,K2A 0E7,MONDAY-FRIDAY: 10AM-6PM SATURDAY: 9:30AM-5:30PM  SUNDAY: 11AM-5PM,www.westendkids.ca/,http://www.westendkids.ca/images/store-front.jpg,,,,,,,,,
Wild Flower ,(902) 420-0364,5553 Clyde St,Nova Scotia,Halifax, B3J 3T5,,wildflowerclothing.com,,,,,,,,,,
Willy's,705-765-3137,119 Medora,ON,Port Carling,P0B 1J0,,,,,,,,,,,,
Willy's Kids,,116 Medora ,ON,Port Carling,P0B 1J0,,,,,,,,,,,,
Woodward And Maple,248-258-2848,266 E. Maple,Michighan ,Birmingham,48009,,http://woodwardandmaple.bridgecatalog.com/,http://pics3.city-data.com/businesses/p/4/7/1/6/8654716.JPG,,,,,,,,,
World of Trout,(306) 522-6055 ,2323 11th Ave,Saskatchewan,Regina,S4P 0K2,Regular Store Hours,http://www.worldoftrout.com/,,,,,,,,,,
Zeiben-Mare ,248-539-8879,32749 Franklin Rd,Michigan,Franklin,48025,Monday – Saturday from 10 a.m. – 5 p.m. and by appointment.,http://ziebenmare.com/,http://www.thefranklinmerchants.com/merchants/tiles/Zieben%20Mare.jpg,,,,,,,,,
Zone Libre ,819-621-0055,1216 Edouard Dufour,Quebec,Plessisville,G6L 5S2,regular Store Hours,N/A,N/A,,,,,,,,,
